{
  "default_type": "word",
  "subject": "ମୌଳିକ ବିଶେଷ୍ୟ 50",
  "pos": "noun",
  "entries": [
    {
      "text": "ଲୋକ",
      "note": "",
      "tags": []
    },
    {
      "text": "ପାଣି",
      "note": "Drinking water",
      "tags": []
    },
    {
      "text": "ଭାତ / ଖାଦ୍ୟ",
      "note": "Meal",
      "tags": []
    },
    {
      "text": "ପାଉଁରୁଟି",
      "note": "",
      "tags": []
    },
    {
      "text": "ଆପେଲ୍",
      "note": "Fruit",
      "tags": []
    },
    {
      "text": "କ୍ଷୀର",
      "note": "",
      "tags": []
    },
    {
      "text": "ମାଂସ",
      "note": "",
      "tags": []
    },
    {
      "text": "ପୋଷାକ",
      "note": "",
      "tags": []
    },
    {
      "text": "ଘର",
      "note": "Housing",
      "tags": []
    },
    {
      "text": "କୋଠରୀ",
      "note": "",
      "tags": []
    },
    {
      "text": "ଝରକା",
      "note": "",
      "tags": []
    },
    {
      "text": "ଦ୍ୱାର",
      "note": "Entrance",
      "tags": []
    },
    {
      "text": "ଡେସ୍କ",
      "note": "",
      "tags": []
    },
    {
      "text": "ଚେୟାର୍",
      "note": "",
      "tags": []
    },
    {
      "text": "କମ୍ପ୍ୟୁଟର୍",
      "note": "",
      "tags": []
    },
    {
      "text": "ଫୋନ୍",
      "note": "",
      "tags": []
    },
    {
      "text": "ବହି",
      "note": "Library",
      "tags": []
    },
    {
      "text": "ପେନ୍ସିଲ୍",
      "note": "",
      "tags": []
    },
    {
      "text": "କାଗଜ",
      "note": "",
      "tags": []
    },
    {
      "text": "ବ୍ୟାଗ୍",
      "note": "",
      "tags": []
    },
    {
      "text": "ବିଦ୍ୟାଳୟ",
      "note": "",
      "tags": []
    },
    {
      "text": "କମ୍ପାନୀ",
      "note": "",
      "tags": []
    },
    {
      "text": "ଡାକ୍ତରଖାନା",
      "note": "",
      "tags": []
    },
    {
      "text": "ଫାର୍ମାସି",
      "note": "",
      "tags": []
    },
    {
      "text": "ରେଷ୍ଟୁରାଣ୍ଟ",
      "note": "",
      "tags": []
    },
    {
      "text": "ବଜାର",
      "note": "Marketplace",
      "tags": []
    },
    {
      "text": "ସବୱେ",
      "note": "",
      "tags": []
    },
    {
      "text": "ବସ୍",
      "note": "",
      "tags": []
    },
    {
      "text": "ଟ୍ୟାକ୍ସି",
      "note": "",
      "tags": []
    },
    {
      "text": "ବିମାନ",
      "note": "",
      "tags": []
    },
    {
      "text": "ଟ୍ରେନ୍",
      "note": "",
      "tags": []
    },
    {
      "text": "ସାଇକେଲ୍",
      "note": "",
      "tags": []
    },
    {
      "text": "ରାସ୍ତା",
      "note": "Road",
      "tags": []
    },
    {
      "text": "ପର୍ବତ",
      "note": "",
      "tags": []
    },
    {
      "text": "ସମୁଦ୍ର",
      "note": "",
      "tags": []
    },
    {
      "text": "ନଦୀ",
      "note": "",
      "tags": []
    },
    {
      "text": "ଆକାଶ",
      "note": "",
      "tags": []
    },
    {
      "text": "ସୂର୍ଯ୍ୟ / ବର୍ଷ",
      "note": "Sun / Year",
      "tags": []
    },
    {
      "text": "ଚନ୍ଦ୍ର",
      "note": "Satellite",
      "tags": []
    },
    {
      "text": "ତାରା",
      "note": "Celestial Body",
      "tags": []
    },
    {
      "text": "ଗଛ",
      "note": "",
      "tags": []
    },
    {
      "text": "ଫୁଲ",
      "note": "",
      "tags": []
    },
    {
      "text": "କୁକୁର ଛୁଆ",
      "note": "",
      "tags": []
    },
    {
      "text": "ବିଲେଇ",
      "note": "",
      "tags": []
    },
    {
      "text": "ଟଙ୍କା",
      "note": "Cash",
      "tags": []
    },
    {
      "text": "ସମୟ",
      "note": "",
      "tags": []
    },
    {
      "text": "ଆଜି",
      "note": "",
      "tags": []
    },
    {
      "text": "ଆସନ୍ତାକାଲି",
      "note": "",
      "tags": []
    },
    {
      "text": "ଗତକାଲି",
      "note": "",
      "tags": []
    },
    {
      "text": "ସାଙ୍ଗ",
      "note": "",
      "tags": []
    }
  ]
}