{
  "default_type": "word",
  "subject": "ମୂଳ କ୍ରିୟା 100",
  "pos": "verb",
  "entries": [
    {
      "text": "ଯିବା ପାଇଁ",
      "note": "",
      "tags": []
    },
    {
      "text": "ଆସିବା ପାଇଁ",
      "note": "",
      "tags": []
    },
    {
      "text": "ଖାଇବା ପାଇଁ",
      "note": "",
      "tags": []
    },
    {
      "text": "ପିଇବା ପାଇଁ",
      "note": "",
      "tags": []
    },
    {
      "text": "ଶୋଇବା ପାଇଁ",
      "note": "",
      "tags": []
    },
    {
      "text": "ଦେଖିବା ପାଇଁ",
      "note": "",
      "tags": []
    },
    {
      "text": "କିଣିବା ପାଇଁ",
      "note": "",
      "tags": []
    },
    {
      "text": "ବିକ୍ରି କରିବା ପାଇଁ",
      "note": "",
      "tags": []
    },
    {
      "text": "ପଢିବା ପାଇଁ",
      "note": "",
      "tags": []
    },
    {
      "text": "ଲେଖିବା ପାଇଁ",
      "note": "Writing",
      "tags": []
    },
    {
      "text": "ଶୁଣିବା ପାଇଁ",
      "note": "",
      "tags": []
    },
    {
      "text": "କହିବା ପାଇଁ",
      "note": "",
      "tags": []
    },
    {
      "text": "କରିବା ପାଇଁ",
      "note": "",
      "tags": []
    },
    {
      "text": "କାମ କରିବା ପାଇଁ",
      "note": "",
      "tags": []
    },
    {
      "text": "ଅଧ୍ୟୟନ କରିବା ପାଇଁ",
      "note": "",
      "tags": []
    },
    {
      "text": "ଶିକ୍ଷା ଦେବା ପାଇଁ",
      "note": "",
      "tags": []
    },
    {
      "text": "ଶିଖିବା ପାଇଁ",
      "note": "",
      "tags": []
    },
    {
      "text": "ଅପେକ୍ଷା କରିବା ପାଇଁ",
      "note": "",
      "tags": []
    },
    {
      "text": "ଭେଟିବା ପାଇଁ",
      "note": "",
      "tags": []
    },
    {
      "text": "ଭଲ ପାଇବା ପାଇଁ",
      "note": "",
      "tags": []
    },
    {
      "text": "ପସନ୍ଦ କରିବା ପାଇଁ",
      "note": "",
      "tags": []
    },
    {
      "text": "ଅପସନ୍ଦ କରିବା ପାଇଁ",
      "note": "",
      "tags": []
    },
    {
      "text": "ହସିବା ପାଇଁ",
      "note": "",
      "tags": []
    },
    {
      "text": "କାନ୍ଦିବା ପାଇଁ",
      "note": "",
      "tags": []
    },
    {
      "text": "ଚାଲିବା ପାଇଁ",
      "note": "",
      "tags": []
    },
    {
      "text": "ଦୌଡିବା ପାଇଁ",
      "note": "Running",
      "tags": []
    },
    {
      "text": "ବସିବା ପାଇଁ",
      "note": "",
      "tags": []
    },
    {
      "text": "ଠିଆ ହେବା ପାଇଁ",
      "note": "",
      "tags": []
    },
    {
      "text": "ଦେବା ପାଇଁ",
      "note": "",
      "tags": []
    },
    {
      "text": "ଗ୍ରହଣ କରିବା ପାଇଁ",
      "note": "",
      "tags": []
    },
    {
      "text": "ଖୋଲିବା ପାଇଁ",
      "note": "",
      "tags": []
    },
    {
      "text": "ବନ୍ଦ କରିବା ପାଇଁ",
      "note": "",
      "tags": []
    },
    {
      "text": "ଭାବିବା ପାଇଁ",
      "note": "",
      "tags": []
    },
    {
      "text": "ଜାଣିବା ପାଇଁ",
      "note": "",
      "tags": []
    },
    {
      "text": "ଜାଣିବା ନାହିଁ",
      "note": "",
      "tags": []
    },
    {
      "text": "ଖୋଜିବା ପାଇଁ",
      "note": "",
      "tags": []
    },
    {
      "text": "ହରାଇବା ପାଇଁ",
      "note": "",
      "tags": []
    },
    {
      "text": "ସାହାଯ୍ୟ କରିବା ପାଇଁ",
      "note": "",
      "tags": []
    },
    {
      "text": "ଧୋଇବା ପାଇଁ",
      "note": "",
      "tags": []
    },
    {
      "text": "ରାନ୍ଧିବା ପାଇଁ",
      "note": "",
      "tags": []
    },
    {
      "text": "ଗୀତ ଗାଇବା ପାଇଁ",
      "note": "",
      "tags": []
    },
    {
      "text": "ନାଚିବା ପାଇଁ",
      "note": "",
      "tags": []
    },
    {
      "text": "ବ୍ୟବହାର କରିବା ପାଇଁ",
      "note": "",
      "tags": []
    },
    {
      "text": "ତିଆରି କରିବା ପାଇଁ",
      "note": "",
      "tags": []
    },
    {
      "text": "ଡାକିବା ପାଇଁ",
      "note": "Song / Name",
      "tags": []
    },
    {
      "text": "ଧରିବା ପାଇଁ",
      "note": "",
      "tags": []
    },
    {
      "text": "ରଖିବା ପାଇଁ",
      "note": "",
      "tags": []
    },
    {
      "text": "ପ୍ରବେଶ କରିବା ପାଇଁ",
      "note": "",
      "tags": []
    },
    {
      "text": "ବାହାରିବା ପାଇଁ",
      "note": "",
      "tags": []
    },
    {
      "text": "ଚଢିବା ପାଇଁ",
      "note": "Boarding",
      "tags": []
    },
    {
      "text": "ଓହ୍ଲାଇବା ପାଇଁ",
      "note": "Alighting",
      "tags": []
    },
    {
      "text": "ପଠାଇବା ପାଇଁ",
      "note": "",
      "tags": []
    },
    {
      "text": "ଦାଖଲ କରିବା ପାଇଁ",
      "note": "Submission",
      "tags": []
    },
    {
      "text": "ମିଳିମିଶି ରହିବା ପାଇଁ",
      "note": "Greetings",
      "tags": []
    },
    {
      "text": "ଆରମ୍ଭ କରିବା ପାଇଁ",
      "note": "",
      "tags": []
    },
    {
      "text": "ଶେଷ କରିବା ପାଇଁ",
      "note": "",
      "tags": []
    },
    {
      "text": "ବିଶ୍ରାମ କରିବା ପାଇଁ",
      "note": "Relax",
      "tags": []
    },
    {
      "text": "ପଚାରିବା ପାଇଁ",
      "note": "Question",
      "tags": []
    },
    {
      "text": "ଉତ୍ତର ଦେବା ପାଇଁ",
      "note": "",
      "tags": []
    },
    {
      "text": "ପ୍ରତିଜ୍ଞା କରିବା ପାଇଁ",
      "note": "",
      "tags": []
    },
    {
      "text": "ଚିନ୍ତା କରିବା ପାଇଁ",
      "note": "",
      "tags": []
    },
    {
      "text": "ବିଶ୍ୱାସ କରିବା ପାଇଁ",
      "note": "",
      "tags": []
    },
    {
      "text": "ସନ୍ଦେହ କରିବା ପାଇଁ",
      "note": "",
      "tags": []
    },
    {
      "text": "ଇଚ୍ଛା କରିବା ପାଇଁ",
      "note": "Hope",
      "tags": []
    },
    {
      "text": "ସ୍ୱପ୍ନ ଦେଖିବା ପାଇଁ",
      "note": "",
      "tags": []
    },
    {
      "text": "ଲଢିବା ପାଇଁ",
      "note": "",
      "tags": []
    },
    {
      "text": "ଜିତିବା ପାଇଁ",
      "note": "",
      "tags": []
    },
    {
      "text": "ହାରିବା ପାଇଁ",
      "note": "Defeat",
      "tags": []
    },
    {
      "text": "ବଢିବା ପାଇଁ",
      "note": "Growth",
      "tags": []
    },
    {
      "text": "ବାଞ୍ଚିବା ପାଇଁ",
      "note": "",
      "tags": []
    },
    {
      "text": "ମରିବା ପାଇଁ",
      "note": "",
      "tags": []
    },
    {
      "text": "ଉଠାଇବା ପାଇଁ",
      "note": "",
      "tags": []
    },
    {
      "text": "ଫିଙ୍ଗି ଦେବା ପାଇଁ",
      "note": "",
      "tags": []
    },
    {
      "text": "ଲୁଚାଇବା ପାଇଁ",
      "note": "",
      "tags": []
    },
    {
      "text": "ଖୋଜିବା ପାଇଁ",
      "note": "",
      "tags": []
    },
    {
      "text": "ଚୟନ କରିବା ପାଇଁ",
      "note": "",
      "tags": []
    },
    {
      "text": "ପରିବର୍ତ୍ତନ କରିବା ପାଇଁ",
      "note": "",
      "tags": []
    },
    {
      "text": "ଅର୍ଡର କରିବା ପାଇଁ",
      "note": "Buying items",
      "tags": []
    },
    {
      "text": "ପ୍ରସ୍ତୁତ କରିବା ପାଇଁ",
      "note": "",
      "tags": []
    },
    {
      "text": "ଧରିବା ପାଇଁ",
      "note": "",
      "tags": []
    },
    {
      "text": "ଫିଙ୍ଗିବା ପାଇଁ",
      "note": "",
      "tags": []
    },
    {
      "text": "ଟାଣିବା ପାଇଁ",
      "note": "",
      "tags": []
    },
    {
      "text": "ଠେଲିବା ପାଇଁ",
      "note": "",
      "tags": []
    },
    {
      "text": "ସଜାଡିବା ପାଇଁ",
      "note": "Repair",
      "tags": []
    },
    {
      "text": "ଭାଙ୍ଗିବା ପାଇଁ",
      "note": "",
      "tags": []
    },
    {
      "text": "ଅସୁସ୍ଥ ହେବା ପାଇଁ",
      "note": "",
      "tags": []
    },
    {
      "text": "ଚିକିତ୍ସା କରିବା ପାଇଁ",
      "note": "",
      "tags": []
    },
    {
      "text": "ବ୍ୟାୟାମ କରିବା ପାଇଁ",
      "note": "",
      "tags": []
    },
    {
      "text": "ପହଁରିବା ପାଇଁ",
      "note": "",
      "tags": []
    },
    {
      "text": "ଭ୍ରମଣ କରିବା ପାଇଁ",
      "note": "",
      "tags": []
    },
    {
      "text": "ଗାଡି ଚଳାଇବା ପାଇଁ",
      "note": "",
      "tags": []
    },
    {
      "text": "ସଫା କରିବା ପାଇଁ",
      "note": "",
      "tags": []
    },
    {
      "text": "ବାସନ ମାଜିବା ପାଇଁ",
      "note": "",
      "tags": []
    },
    {
      "text": "ଲୁଗା ସଫା କରିବା ପାଇଁ",
      "note": "",
      "tags": []
    },
    {
      "text": "ଗାଧୋଇବା ପାଇଁ",
      "note": "",
      "tags": []
    },
    {
      "text": "ଦାନ୍ତ ଘଷିବା ପାଇଁ",
      "note": "",
      "tags": []
    },
    {
      "text": "ଉଠିବା ପାଇଁ",
      "note": "Wake up",
      "tags": []
    },
    {
      "text": "ଶୋଇବାକୁ ଯିବା ପାଇଁ",
      "note": "Sleeping",
      "tags": []
    },
    {
      "text": "ବୁଝିବା ପାଇଁ",
      "note": "",
      "tags": []
    },
    {
      "text": "ମନେ ରଖିବା ପାଇଁ",
      "note": "",
      "tags": []
    }
  ]
}