{
  "default_type": "sentence",
  "subject": "Асноўныя прывітанні і штодзённыя фразы 50",
  "entries": [
    {
      "text": "Прывітанне.",
      "note": "Polite greeting",
      "form_type": "",
      "style": "",
      "tags": []
    },
    {
      "text": "Прыемна пазнаёміцца.",
      "note": "First meeting",
      "form_type": "",
      "style": "",
      "tags": []
    },
    {
      "text": "Даўно не бачыліся.",
      "note": "Reunion",
      "form_type": "",
      "style": "",
      "tags": []
    },
    {
      "text": "Дзякуй.",
      "note": "Formal",
      "form_type": "",
      "style": "",
      "tags": []
    },
    {
      "text": "Мне шкада.",
      "note": "Formal",
      "form_type": "",
      "style": "",
      "tags": []
    },
    {
      "text": "Прабачце.",
      "note": "Attention",
      "form_type": "",
      "style": "",
      "tags": []
    },
    {
      "text": "Як маецеся?",
      "note": "Greetings",
      "form_type": "",
      "style": "",
      "tags": []
    },
    {
      "text": "У мяне ўсё добра, дзякуй.",
      "note": "",
      "form_type": "",
      "style": "",
      "tags": []
    },
    {
      "text": "Як цябе клічуць?",
      "note": "",
      "form_type": "",
      "style": "",
      "tags": []
    },
    {
      "text": "Мяне клічуць ...",
      "note": "",
      "form_type": "",
      "style": "",
      "tags": []
    },
    {
      "text": "Адкуль вы?",
      "note": "",
      "form_type": "",
      "style": "",
      "tags": []
    },
    {
      "text": "Я з Амерыкі.",
      "note": "",
      "form_type": "",
      "style": "",
      "tags": []
    },
    {
      "text": "Да пабачэння.",
      "note": "To someone leaving",
      "form_type": "",
      "style": "",
      "tags": []
    },
    {
      "text": "Бывайце.",
      "note": "To someone staying",
      "form_type": "",
      "style": "",
      "tags": []
    },
    {
      "text": "Так.",
      "note": "Positive",
      "form_type": "",
      "style": "",
      "tags": []
    },
    {
      "text": "Не.",
      "note": "Negative",
      "form_type": "",
      "style": "",
      "tags": []
    },
    {
      "text": "Магчыма.",
      "note": "Guess",
      "form_type": "",
      "style": "",
      "tags": []
    },
    {
      "text": "Я разумею.",
      "note": "",
      "form_type": "",
      "style": "",
      "tags": []
    },
    {
      "text": "Я не ведаю.",
      "note": "",
      "form_type": "",
      "style": "",
      "tags": []
    },
    {
      "text": "Калі ласка, дапамажыце мне.",
      "note": "",
      "form_type": "",
      "style": "",
      "tags": []
    },
    {
      "text": "Хвілінку, калі ласка.",
      "note": "",
      "form_type": "",
      "style": "",
      "tags": []
    },
    {
      "text": "Колькі гэта каштуе?",
      "note": "Shopping",
      "form_type": "",
      "style": "",
      "tags": []
    },
    {
      "text": "Дзе знаходзіцца прыбіральня?",
      "note": "",
      "form_type": "",
      "style": "",
      "tags": []
    },
    {
      "text": "Я галодны.",
      "note": "",
      "form_type": "",
      "style": "",
      "tags": []
    },
    {
      "text": "Я хачу піць.",
      "note": "",
      "form_type": "",
      "style": "",
      "tags": []
    },
    {
      "text": "Гэта вельмі смачна.",
      "note": "",
      "form_type": "",
      "style": "",
      "tags": []
    },
    {
      "text": "Мне гэта падабаецца.",
      "note": "",
      "form_type": "",
      "style": "",
      "tags": []
    },
    {
      "text": "Усё ў парадку.",
      "note": "",
      "form_type": "",
      "style": "",
      "tags": []
    },
    {
      "text": "Добрага шанцавання.",
      "note": "",
      "form_type": "",
      "style": "",
      "tags": []
    },
    {
      "text": "Колькі цяпер часу?",
      "note": "",
      "form_type": "",
      "style": "",
      "tags": []
    },
    {
      "text": "Сёння добрае надвор'е.",
      "note": "",
      "form_type": "",
      "style": "",
      "tags": []
    },
    {
      "text": "Холадна.",
      "note": "",
      "form_type": "",
      "style": "",
      "tags": []
    },
    {
      "text": "Гарача.",
      "note": "",
      "form_type": "",
      "style": "",
      "tags": []
    },
    {
      "text": "Я стаміўся.",
      "note": "",
      "form_type": "",
      "style": "",
      "tags": []
    },
    {
      "text": "Я шчаслівы.",
      "note": "",
      "form_type": "",
      "style": "",
      "tags": []
    },
    {
      "text": "Віншую.",
      "note": "",
      "form_type": "",
      "style": "",
      "tags": []
    },
    {
      "text": "З Днём нараджэння.",
      "note": "",
      "form_type": "",
      "style": "",
      "tags": []
    },
    {
      "text": "Добрага дня.",
      "note": "",
      "form_type": "",
      "style": "",
      "tags": []
    },
    {
      "text": "Да заўтра.",
      "note": "",
      "form_type": "",
      "style": "",
      "tags": []
    },
    {
      "text": "Беражы сябе.",
      "note": "",
      "form_type": "",
      "style": "",
      "tags": []
    },
    {
      "text": "Вы размаўляеце па-англійску?",
      "note": "",
      "form_type": "",
      "style": "",
      "tags": []
    },
    {
      "text": "Я размаўляю толькі трохі па-карэйску.",
      "note": "",
      "form_type": "",
      "style": "",
      "tags": []
    },
    {
      "text": "Калі ласка, кажыце павольней.",
      "note": "",
      "form_type": "",
      "style": "",
      "tags": []
    },
    {
      "text": "Што гэта значыць?",
      "note": "",
      "form_type": "",
      "style": "",
      "tags": []
    },
    {
      "text": "Як гэта сказаць па-карэйску?",
      "note": "",
      "form_type": "",
      "style": "",
      "tags": []
    },
    {
      "text": "Я люблю цябе.",
      "note": "",
      "form_type": "",
      "style": "",
      "tags": []
    },
    {
      "text": "Калі ласка, пачакайце.",
      "note": "",
      "form_type": "",
      "style": "",
      "tags": []
    },
    {
      "text": "Калі ласка.",
      "note": "",
      "form_type": "",
      "style": "",
      "tags": []
    },
    {
      "text": "Не, усё ў парадку.",
      "note": "",
      "form_type": "",
      "style": "",
      "tags": []
    },
    {
      "text": "У мяне ёсць пытанне.",
      "note": "",
      "form_type": "",
      "style": "",
      "tags": []
    }
  ]
}