{
  "default_type": "word",
  "subject": "50 Batayang Pangngalan",
  "pos": "noun",
  "entries": [
    {
      "text": "ako",
      "note": "",
      "tags": []
    },
    {
      "text": "ikaw / kayo",
      "note": "",
      "tags": []
    },
    {
      "text": "ito",
      "note": "",
      "tags": []
    },
    {
      "text": "iyon / iyan",
      "note": "",
      "tags": []
    },
    {
      "text": "sino",
      "note": "",
      "tags": []
    },
    {
      "text": "ano",
      "note": "",
      "tags": []
    },
    {
      "text": "saan",
      "note": "",
      "tags": []
    },
    {
      "text": "kailan",
      "note": "",
      "tags": []
    },
    {
      "text": "bakit",
      "note": "",
      "tags": []
    },
    {
      "text": "paano",
      "note": "",
      "tags": []
    },
    {
      "text": "tao",
      "note": "",
      "tags": []
    },
    {
      "text": "kaibigan",
      "note": "",
      "tags": []
    },
    {
      "text": "pamilya",
      "note": "",
      "tags": []
    },
    {
      "text": "pangalan",
      "note": "",
      "tags": []
    },
    {
      "text": "bahay",
      "note": "",
      "tags": []
    },
    {
      "text": "paaralan",
      "note": "",
      "tags": []
    },
    {
      "text": "kompanya",
      "note": "",
      "tags": []
    },
    {
      "text": "ospital",
      "note": "",
      "tags": []
    },
    {
      "text": "palengke",
      "note": "",
      "tags": []
    },
    {
      "text": "restawran",
      "note": "",
      "tags": []
    },
    {
      "text": "kapihan",
      "note": "",
      "tags": []
    },
    {
      "text": "palikuran / banyo",
      "note": "",
      "tags": []
    },
    {
      "text": "aklat / libro",
      "note": "",
      "tags": []
    },
    {
      "text": "tubig",
      "note": "",
      "tags": []
    },
    {
      "text": "pagkain",
      "note": "",
      "tags": []
    },
    {
      "text": "pera",
      "note": "",
      "tags": []
    },
    {
      "text": "damit",
      "note": "",
      "tags": []
    },
    {
      "text": "sapatos",
      "note": "",
      "tags": []
    },
    {
      "text": "bag",
      "note": "",
      "tags": []
    },
    {
      "text": "relo",
      "note": "",
      "tags": []
    },
    {
      "text": "telepono",
      "note": "",
      "tags": []
    },
    {
      "text": "kompyuter",
      "note": "",
      "tags": []
    },
    {
      "text": "kotse / sasakyan",
      "note": "",
      "tags": []
    },
    {
      "text": "buwan",
      "note": "buwan",
      "tags": []
    },
    {
      "text": "bituin",
      "note": "kalawakan",
      "tags": []
    },
    {
      "text": "araw",
      "note": "",
      "tags": []
    },
    {
      "text": "langit",
      "note": "",
      "tags": []
    },
    {
      "text": "dagat",
      "note": "",
      "tags": []
    },
    {
      "text": "bundok",
      "note": "",
      "tags": []
    },
    {
      "text": "bulaklak",
      "note": "",
      "tags": []
    },
    {
      "text": "puno",
      "note": "",
      "tags": []
    },
    {
      "text": "aso",
      "note": "",
      "tags": []
    },
    {
      "text": "pusa",
      "note": "",
      "tags": []
    },
    {
      "text": "ngayon / ngayong araw",
      "note": "",
      "tags": []
    },
    {
      "text": "bukas",
      "note": "",
      "tags": []
    },
    {
      "text": "kahapon",
      "note": "",
      "tags": []
    },
    {
      "text": "ngayon / kasalukuyan",
      "note": "",
      "tags": []
    },
    {
      "text": "oras / panahon",
      "note": "",
      "tags": []
    },
    {
      "text": "araw",
      "note": "",
      "tags": []
    },
    {
      "text": "gabi",
      "note": "",
      "tags": []
    }
  ]
}