{
  "default_type": "sentence",
  "subject": "Saludos 1",
  "entries": [
    {
      "text": "Hola.",
      "note": "Saludo cortés",
      "form_type": "",
      "style": "",
      "tags": []
    },
    {
      "text": "Mucho gusto.",
      "note": "Primer encuentro",
      "form_type": "",
      "style": "",
      "tags": []
    },
    {
      "text": "¡Cuánto tiempo!",
      "note": "Reencuentro",
      "form_type": "",
      "style": "",
      "tags": []
    },
    {
      "text": "Gracias.",
      "note": "Formal",
      "form_type": "",
      "style": "",
      "tags": []
    },
    {
      "text": "Lo siento.",
      "note": "Formal",
      "form_type": "",
      "style": "",
      "tags": []
    },
    {
      "text": "Disculpe.",
      "note": "Llamar la atención",
      "form_type": "",
      "style": "",
      "tags": []
    },
    {
      "text": "¿Cómo está?",
      "note": "Saludo",
      "form_type": "",
      "style": "",
      "tags": []
    },
    {
      "text": "Bien, gracias.",
      "note": "",
      "form_type": "",
      "style": "",
      "tags": []
    },
    {
      "text": "¿Cómo se llama?",
      "note": "",
      "form_type": "",
      "style": "",
      "tags": []
    },
    {
      "text": "Mi nombre es ...",
      "note": "",
      "form_type": "",
      "style": "",
      "tags": []
    },
    {
      "text": "¿De dónde es?",
      "note": "",
      "form_type": "",
      "style": "",
      "tags": []
    },
    {
      "text": "Soy de Estados Unidos.",
      "note": "",
      "form_type": "",
      "style": "",
      "tags": []
    },
    {
      "text": "Adiós.",
      "note": "A quien se va",
      "form_type": "",
      "style": "",
      "tags": []
    },
    {
      "text": "Hasta luego.",
      "note": "A quien se queda",
      "form_type": "",
      "style": "",
      "tags": []
    },
    {
      "text": "Sí.",
      "note": "Positivo",
      "form_type": "",
      "style": "",
      "tags": []
    },
    {
      "text": "No.",
      "note": "Negativo",
      "form_type": "",
      "style": "",
      "tags": []
    },
    {
      "text": "Tal vez.",
      "note": "Adivinar",
      "form_type": "",
      "style": "",
      "tags": []
    },
    {
      "text": "Entiendo.",
      "note": "",
      "form_type": "",
      "style": "",
      "tags": []
    },
    {
      "text": "No lo sé.",
      "note": "",
      "form_type": "",
      "style": "",
      "tags": []
    },
    {
      "text": "Ayúdeme, por favor.",
      "note": "",
      "form_type": "",
      "style": "",
      "tags": []
    },
    {
      "text": "Un momento, por favor.",
      "note": "",
      "form_type": "",
      "style": "",
      "tags": []
    },
    {
      "text": "¿Cuánto cuesta esto?",
      "note": "Compras",
      "form_type": "",
      "style": "",
      "tags": []
    },
    {
      "text": "¿Dónde está el baño?",
      "note": "",
      "form_type": "",
      "style": "",
      "tags": []
    },
    {
      "text": "Tengo hambre.",
      "note": "",
      "form_type": "",
      "style": "",
      "tags": []
    },
    {
      "text": "Tengo sed.",
      "note": "",
      "form_type": "",
      "style": "",
      "tags": []
    },
    {
      "text": "Está rico.",
      "note": "",
      "form_type": "",
      "style": "",
      "tags": []
    },
    {
      "text": "Me gusta.",
      "note": "",
      "form_type": "",
      "style": "",
      "tags": []
    },
    {
      "text": "Está bien.",
      "note": "",
      "form_type": "",
      "style": "",
      "tags": []
    },
    {
      "text": "Buena suerte.",
      "note": "",
      "form_type": "",
      "style": "",
      "tags": []
    },
    {
      "text": "¿Qué hora es ahora?",
      "note": "",
      "form_type": "",
      "style": "",
      "tags": []
    },
    {
      "text": "Hace buen tiempo hoy.",
      "note": "",
      "form_type": "",
      "style": "",
      "tags": []
    },
    {
      "text": "Hace frío.",
      "note": "",
      "form_type": "",
      "style": "",
      "tags": []
    },
    {
      "text": "Hace calor.",
      "note": "",
      "form_type": "",
      "style": "",
      "tags": []
    },
    {
      "text": "Estoy cansado.",
      "note": "",
      "form_type": "",
      "style": "",
      "tags": []
    },
    {
      "text": "Soy feliz.",
      "note": "",
      "form_type": "",
      "style": "",
      "tags": []
    },
    {
      "text": "Felicidades.",
      "note": "",
      "form_type": "",
      "style": "",
      "tags": []
    },
    {
      "text": "Feliz cumpleaños.",
      "note": "",
      "form_type": "",
      "style": "",
      "tags": []
    },
    {
      "text": "Que tenga un buen día.",
      "note": "",
      "form_type": "",
      "style": "",
      "tags": []
    },
    {
      "text": "Nos vemos mañana.",
      "note": "",
      "form_type": "",
      "style": "",
      "tags": []
    },
    {
      "text": "Cuídese.",
      "note": "",
      "form_type": "",
      "style": "",
      "tags": []
    },
    {
      "text": "¿Habla inglés?",
      "note": "",
      "form_type": "",
      "style": "",
      "tags": []
    },
    {
      "text": "Hablo solo un poco de coreano.",
      "note": "",
      "form_type": "",
      "style": "",
      "tags": []
    },
    {
      "text": "Hable despacio, por favor.",
      "note": "",
      "form_type": "",
      "style": "",
      "tags": []
    },
    {
      "text": "¿Qué significa esto?",
      "note": "",
      "form_type": "",
      "style": "",
      "tags": []
    },
    {
      "text": "¿Cómo se dice en coreano?",
      "note": "",
      "form_type": "",
      "style": "",
      "tags": []
    },
    {
      "text": "Te quiero / Te amo.",
      "note": "",
      "form_type": "",
      "style": "",
      "tags": []
    },
    {
      "text": "Espere, por favor.",
      "note": "",
      "form_type": "",
      "style": "",
      "tags": []
    },
    {
      "text": "De nada.",
      "note": "",
      "form_type": "",
      "style": "",
      "tags": []
    },
    {
      "text": "No, gracias.",
      "note": "",
      "form_type": "",
      "style": "",
      "tags": []
    },
    {
      "text": "Tengo una pregunta.",
      "note": "",
      "form_type": "",
      "style": "",
      "tags": []
    }
  ]
}