{
  "default_type": "word",
  "subject": "50 Kata Nama Asas",
  "pos": "noun",
  "entries": [
    {
      "text": "saya / aku",
      "note": "",
      "tags": []
    },
    {
      "text": "anda / kamu",
      "note": "",
      "tags": []
    },
    {
      "text": "ini",
      "note": "",
      "tags": []
    },
    {
      "text": "itu",
      "note": "",
      "tags": []
    },
    {
      "text": "siapa",
      "note": "",
      "tags": []
    },
    {
      "text": "apa",
      "note": "",
      "tags": []
    },
    {
      "text": "di mana",
      "note": "",
      "tags": []
    },
    {
      "text": "bila",
      "note": "",
      "tags": []
    },
    {
      "text": "mengapa",
      "note": "",
      "tags": []
    },
    {
      "text": "bagaimana",
      "note": "",
      "tags": []
    },
    {
      "text": "orang",
      "note": "",
      "tags": []
    },
    {
      "text": "kawan",
      "note": "",
      "tags": []
    },
    {
      "text": "keluarga",
      "note": "",
      "tags": []
    },
    {
      "text": "nama",
      "note": "",
      "tags": []
    },
    {
      "text": "rumah",
      "note": "",
      "tags": []
    },
    {
      "text": "sekolah",
      "note": "",
      "tags": []
    },
    {
      "text": "syarikat",
      "note": "",
      "tags": []
    },
    {
      "text": "hospital",
      "note": "",
      "tags": []
    },
    {
      "text": "pasar",
      "note": "",
      "tags": []
    },
    {
      "text": "restoran",
      "note": "",
      "tags": []
    },
    {
      "text": "kafe",
      "note": "",
      "tags": []
    },
    {
      "text": "tandas",
      "note": "",
      "tags": []
    },
    {
      "text": "buku",
      "note": "",
      "tags": []
    },
    {
      "text": "air",
      "note": "",
      "tags": []
    },
    {
      "text": "makanan",
      "note": "",
      "tags": []
    },
    {
      "text": "wang / duit",
      "note": "",
      "tags": []
    },
    {
      "text": "pakaian",
      "note": "",
      "tags": []
    },
    {
      "text": "kasut",
      "note": "",
      "tags": []
    },
    {
      "text": "beg",
      "note": "",
      "tags": []
    },
    {
      "text": "jam tangan",
      "note": "",
      "tags": []
    },
    {
      "text": "telefon",
      "note": "",
      "tags": []
    },
    {
      "text": "komputer",
      "note": "",
      "tags": []
    },
    {
      "text": "kereta",
      "note": "",
      "tags": []
    },
    {
      "text": "bulan",
      "note": "rembulan",
      "tags": []
    },
    {
      "text": "bintang",
      "note": "angkasa",
      "tags": []
    },
    {
      "text": "matahari",
      "note": "",
      "tags": []
    },
    {
      "text": "langit",
      "note": "",
      "tags": []
    },
    {
      "text": "laut",
      "note": "",
      "tags": []
    },
    {
      "text": "gunung",
      "note": "",
      "tags": []
    },
    {
      "text": "bunga",
      "note": "",
      "tags": []
    },
    {
      "text": "pokok",
      "note": "",
      "tags": []
    },
    {
      "text": "anjing",
      "note": "",
      "tags": []
    },
    {
      "text": "kucing",
      "note": "",
      "tags": []
    },
    {
      "text": "hari ini",
      "note": "",
      "tags": []
    },
    {
      "text": "esok",
      "note": "",
      "tags": []
    },
    {
      "text": "semalam",
      "note": "",
      "tags": []
    },
    {
      "text": "sekarang",
      "note": "",
      "tags": []
    },
    {
      "text": "masa",
      "note": "",
      "tags": []
    },
    {
      "text": "siang / hari",
      "note": "",
      "tags": []
    },
    {
      "text": "malam",
      "note": "",
      "tags": []
    }
  ]
}