{
  "default_type": "word",
  "subject": "মৌলিক বিশেষ্য 50",
  "pos": "noun",
  "entries": [
    {
      "text": "ব্যক্তি",
      "note": "",
      "tags": []
    },
    {
      "text": "পানী",
      "note": "খোৱাপানী",
      "tags": []
    },
    {
      "text": "ভাত / আহাৰ",
      "note": "আহাৰ",
      "tags": []
    },
    {
      "text": "পাউৰুটি",
      "note": "",
      "tags": []
    },
    {
      "text": "আপেল",
      "note": "ফল",
      "tags": []
    },
    {
      "text": "গাখীৰ",
      "note": "",
      "tags": []
    },
    {
      "text": "মাংস",
      "note": "",
      "tags": []
    },
    {
      "text": "কাপোৰ",
      "note": "",
      "tags": []
    },
    {
      "text": "ঘৰ",
      "note": "আবাস",
      "tags": []
    },
    {
      "text": "কোঠা",
      "note": "",
      "tags": []
    },
    {
      "text": "খিৰিকী",
      "note": "",
      "tags": []
    },
    {
      "text": "দুৱাৰ",
      "note": "প্ৰৱেশদ্বাৰ",
      "tags": []
    },
    {
      "text": "ডেস্ক",
      "note": "",
      "tags": []
    },
    {
      "text": "চকী",
      "note": "",
      "tags": []
    },
    {
      "text": "কম্পিউটাৰ",
      "note": "",
      "tags": []
    },
    {
      "text": "ফোন",
      "note": "",
      "tags": []
    },
    {
      "text": "কিতাপ",
      "note": "पुথিভঁৰাল",
      "tags": []
    },
    {
      "text": "পেঞ্চিল",
      "note": "",
      "tags": []
    },
    {
      "text": "কাগজ",
      "note": "",
      "tags": []
    },
    {
      "text": "বেগ",
      "note": "",
      "tags": []
    },
    {
      "text": "স্কুল",
      "note": "",
      "tags": []
    },
    {
      "text": "কোম্পানী",
      "note": "",
      "tags": []
    },
    {
      "text": "চিকিৎসালয়",
      "note": "",
      "tags": []
    },
    {
      "text": "ফাৰ্মাচী",
      "note": "",
      "tags": []
    },
    {
      "text": "ৰেষ্টুৰেণ্ট",
      "note": "",
      "tags": []
    },
    {
      "text": "বজাৰ",
      "note": "Marketplace",
      "tags": []
    },
    {
      "text": "মেট্ৰ’",
      "note": "",
      "tags": []
    },
    {
      "text": "বাছ",
      "note": "",
      "tags": []
    },
    {
      "text": "টেক্সি",
      "note": "",
      "tags": []
    },
    {
      "text": "উৰাজাহাজ",
      "note": "",
      "tags": []
    },
    {
      "text": "ৰেল",
      "note": "",
      "tags": []
    },
    {
      "text": "চাইকেল",
      "note": "",
      "tags": []
    },
    {
      "text": "পথ",
      "note": "Road",
      "tags": []
    },
    {
      "text": "পৰ্বত",
      "note": "",
      "tags": []
    },
    {
      "text": "সাগৰ",
      "note": "",
      "tags": []
    },
    {
      "text": "নদী",
      "note": "",
      "tags": []
    },
    {
      "text": "আকাশ",
      "note": "",
      "tags": []
    },
    {
      "text": "সূৰ্য / বছৰ",
      "note": "Sun / Year",
      "tags": []
    },
    {
      "text": "জোন",
      "note": "Satellite",
      "tags": []
    },
    {
      "text": "তৰা",
      "note": "Celestial Body",
      "tags": []
    },
    {
      "text": "গছ",
      "note": "",
      "tags": []
    },
    {
      "text": "ফুল",
      "note": "",
      "tags": []
    },
    {
      "text": "কুকুৰ পোৱালী",
      "note": "",
      "tags": []
    },
    {
      "text": "মেকুৰী",
      "note": "",
      "tags": []
    },
    {
      "text": "ধন",
      "note": "Cash",
      "tags": []
    },
    {
      "text": "সময়",
      "note": "",
      "tags": []
    },
    {
      "text": "আজি",
      "note": "",
      "tags": []
    },
    {
      "text": "কালি",
      "note": "",
      "tags": []
    },
    {
      "text": "যোৱাকালি",
      "note": "",
      "tags": []
    },
    {
      "text": "বন্ধু",
      "note": "",
      "tags": []
    }
  ]
}