{
  "default_type": "word",
  "subject": "Үндсэн нэр үг 50",
  "pos": "noun",
  "entries": [
    {
      "text": "Хүн",
      "note": "",
      "tags": []
    },
    {
      "text": "Ус",
      "note": "Уух ус",
      "tags": []
    },
    {
      "text": "Будаа / Хоол",
      "note": "Хоол",
      "tags": []
    },
    {
      "text": "Талх",
      "note": "",
      "tags": []
    },
    {
      "text": "Алим",
      "note": "Жимс",
      "tags": []
    },
    {
      "text": "Сүү",
      "note": "",
      "tags": []
    },
    {
      "text": "Мах",
      "note": "",
      "tags": []
    },
    {
      "text": "Хувцас",
      "note": "",
      "tags": []
    },
    {
      "text": "Байшин",
      "note": "Орон сууц",
      "tags": []
    },
    {
      "text": "Өрөө",
      "note": "",
      "tags": []
    },
    {
      "text": "Цонх",
      "note": "",
      "tags": []
    },
    {
      "text": "Хаалга",
      "note": "Орц",
      "tags": []
    },
    {
      "text": "Ширээ",
      "note": "",
      "tags": []
    },
    {
      "text": "Сандал",
      "note": "",
      "tags": []
    },
    {
      "text": "Компьютер",
      "note": "",
      "tags": []
    },
    {
      "text": "Утас",
      "note": "",
      "tags": []
    },
    {
      "text": "Ном",
      "note": "Номын сан",
      "tags": []
    },
    {
      "text": "Харандаа",
      "note": "",
      "tags": []
    },
    {
      "text": "Цаас",
      "note": "",
      "tags": []
    },
    {
      "text": "Цүнх",
      "note": "",
      "tags": []
    },
    {
      "text": "Сургууль",
      "note": "",
      "tags": []
    },
    {
      "text": "Компани",
      "note": "",
      "tags": []
    },
    {
      "text": "Эмнэлэг",
      "note": "",
      "tags": []
    },
    {
      "text": "Эмийн сан",
      "note": "",
      "tags": []
    },
    {
      "text": "Ресторан",
      "note": "",
      "tags": []
    },
    {
      "text": "Зах",
      "note": "Худалдааны газар",
      "tags": []
    },
    {
      "text": "Метро",
      "note": "",
      "tags": []
    },
    {
      "text": "Автобус",
      "note": "",
      "tags": []
    },
    {
      "text": "Такси",
      "note": "",
      "tags": []
    },
    {
      "text": "Нисэх онгоц",
      "note": "",
      "tags": []
    },
    {
      "text": "Галт тэрэг",
      "note": "",
      "tags": []
    },
    {
      "text": "Унадаг дугуй",
      "note": "",
      "tags": []
    },
    {
      "text": "Зам",
      "note": "Зам",
      "tags": []
    },
    {
      "text": "Уул",
      "note": "",
      "tags": []
    },
    {
      "text": "Тэнгис",
      "note": "",
      "tags": []
    },
    {
      "text": "Гол",
      "note": "",
      "tags": []
    },
    {
      "text": "Тэнгэр",
      "note": "",
      "tags": []
    },
    {
      "text": "Нар / Жил",
      "note": "Нар / Жил",
      "tags": []
    },
    {
      "text": "Сар",
      "note": "Хиймэл дагуул",
      "tags": []
    },
    {
      "text": "Од",
      "note": "Тэнгэрийн биет",
      "tags": []
    },
    {
      "text": "Мод",
      "note": "",
      "tags": []
    },
    {
      "text": "Цэцэг",
      "note": "",
      "tags": []
    },
    {
      "text": "Гөлөг",
      "note": "",
      "tags": []
    },
    {
      "text": "Муур",
      "note": "",
      "tags": []
    },
    {
      "text": "Мөнгө",
      "note": "Бэлэн мөнгө",
      "tags": []
    },
    {
      "text": "Цаг",
      "note": "",
      "tags": []
    },
    {
      "text": "Өнөөдөр",
      "note": "",
      "tags": []
    },
    {
      "text": "Маргааш",
      "note": "",
      "tags": []
    },
    {
      "text": "Өчигдөр",
      "note": "",
      "tags": []
    },
    {
      "text": "Найз",
      "note": "",
      "tags": []
    }
  ]
}