{
  "default_type": "word",
  "subject": "Үндсэн үйл үгс 100",
  "pos": "verb",
  "entries": [
    {
      "text": "Явах",
      "note": "",
      "tags": []
    },
    {
      "text": "Ирэх",
      "note": "",
      "tags": []
    },
    {
      "text": "Идэх",
      "note": "",
      "tags": []
    },
    {
      "text": "Уух",
      "note": "",
      "tags": []
    },
    {
      "text": "Унтах",
      "note": "",
      "tags": []
    },
    {
      "text": "Харах",
      "note": "",
      "tags": []
    },
    {
      "text": "Худалдаж авах",
      "note": "",
      "tags": []
    },
    {
      "text": "Худалдах",
      "note": "",
      "tags": []
    },
    {
      "text": "Унших",
      "note": "",
      "tags": []
    },
    {
      "text": "Бичих",
      "note": "Writing",
      "tags": []
    },
    {
      "text": "Сонсох",
      "note": "",
      "tags": []
    },
    {
      "text": "Ярих",
      "note": "",
      "tags": []
    },
    {
      "text": "Хийх",
      "note": "",
      "tags": []
    },
    {
      "text": "Ажиллах",
      "note": "",
      "tags": []
    },
    {
      "text": "Суралцах",
      "note": "",
      "tags": []
    },
    {
      "text": "Заах",
      "note": "",
      "tags": []
    },
    {
      "text": "Сурах",
      "note": "",
      "tags": []
    },
    {
      "text": "Хүлээх",
      "note": "",
      "tags": []
    },
    {
      "text": "Уулзах",
      "note": "",
      "tags": []
    },
    {
      "text": "Хайрлах",
      "note": "",
      "tags": []
    },
    {
      "text": "Дуртай байх",
      "note": "",
      "tags": []
    },
    {
      "text": "Дургүй байх",
      "note": "",
      "tags": []
    },
    {
      "text": "Инээх",
      "note": "",
      "tags": []
    },
    {
      "text": "Уйлах",
      "note": "",
      "tags": []
    },
    {
      "text": "Алхах",
      "note": "",
      "tags": []
    },
    {
      "text": "Гүйх",
      "note": "Running",
      "tags": []
    },
    {
      "text": "Суух",
      "note": "",
      "tags": []
    },
    {
      "text": "Зогсох",
      "note": "",
      "tags": []
    },
    {
      "text": "Өгөх",
      "note": "",
      "tags": []
    },
    {
      "text": "Авах",
      "note": "",
      "tags": []
    },
    {
      "text": "Нээх",
      "note": "",
      "tags": []
    },
    {
      "text": "Хаах",
      "note": "",
      "tags": []
    },
    {
      "text": "Бодох",
      "note": "",
      "tags": []
    },
    {
      "text": "Мэдэх",
      "note": "",
      "tags": []
    },
    {
      "text": "Мэдэхгүй байх",
      "note": "",
      "tags": []
    },
    {
      "text": "Олох",
      "note": "",
      "tags": []
    },
    {
      "text": "Алдах",
      "note": "",
      "tags": []
    },
    {
      "text": "Туслах",
      "note": "",
      "tags": []
    },
    {
      "text": "Угаах",
      "note": "",
      "tags": []
    },
    {
      "text": "Хоол хийх",
      "note": "",
      "tags": []
    },
    {
      "text": "Дуулах",
      "note": "",
      "tags": []
    },
    {
      "text": "Бүжиглэх",
      "note": "",
      "tags": []
    },
    {
      "text": "Ашиглах",
      "note": "",
      "tags": []
    },
    {
      "text": "Хийх",
      "note": "",
      "tags": []
    },
    {
      "text": "Дуудах",
      "note": "Song / Name",
      "tags": []
    },
    {
      "text": "Барих / Атгах",
      "note": "",
      "tags": []
    },
    {
      "text": "Тавих / Үлдээх",
      "note": "",
      "tags": []
    },
    {
      "text": "Орох",
      "note": "",
      "tags": []
    },
    {
      "text": "Гарах",
      "note": "",
      "tags": []
    },
    {
      "text": "Гарах",
      "note": "Boarding",
      "tags": []
    },
    {
      "text": "Буух",
      "note": "Alighting",
      "tags": []
    },
    {
      "text": "Илгээх",
      "note": "",
      "tags": []
    },
    {
      "text": "Илгээх",
      "note": "Submission",
      "tags": []
    },
    {
      "text": "Зөв байх",
      "note": "Greetings",
      "tags": []
    },
    {
      "text": "Эхлэх",
      "note": "",
      "tags": []
    },
    {
      "text": "Дуусгах",
      "note": "",
      "tags": []
    },
    {
      "text": "Амрах",
      "note": "Relax",
      "tags": []
    },
    {
      "text": "Асуух",
      "note": "Question",
      "tags": []
    },
    {
      "text": "Хариулах",
      "note": "",
      "tags": []
    },
    {
      "text": "Амлах",
      "note": "",
      "tags": []
    },
    {
      "text": "Санаа зовох",
      "note": "",
      "tags": []
    },
    {
      "text": "Итгэх",
      "note": "",
      "tags": []
    },
    {
      "text": "Эргэлзэх",
      "note": "",
      "tags": []
    },
    {
      "text": "Хүсэх / Найдвар тавих",
      "note": "Hope",
      "tags": []
    },
    {
      "text": "Зүүдлэх",
      "note": "",
      "tags": []
    },
    {
      "text": "Тэмцэх",
      "note": "",
      "tags": []
    },
    {
      "text": "Ялах",
      "note": "",
      "tags": []
    },
    {
      "text": "Ялагдах",
      "note": "Defeat",
      "tags": []
    },
    {
      "text": "Өсөх",
      "note": "Growth",
      "tags": []
    },
    {
      "text": "Амьдрах",
      "note": "",
      "tags": []
    },
    {
      "text": "Үхэх",
      "note": "",
      "tags": []
    },
    {
      "text": "Олох",
      "note": "",
      "tags": []
    },
    {
      "text": "Хаях",
      "note": "",
      "tags": []
    },
    {
      "text": "Нуух",
      "note": "",
      "tags": []
    },
    {
      "text": "Хайх",
      "note": "",
      "tags": []
    },
    {
      "text": "Сонгох",
      "note": "",
      "tags": []
    },
    {
      "text": "Өөрчлөх",
      "note": "",
      "tags": []
    },
    {
      "text": "Захиалах",
      "note": "Buying items",
      "tags": []
    },
    {
      "text": "Бэлтгэх",
      "note": "",
      "tags": []
    },
    {
      "text": "Барих",
      "note": "",
      "tags": []
    },
    {
      "text": "Шидэх",
      "note": "",
      "tags": []
    },
    {
      "text": "Татaх",
      "note": "",
      "tags": []
    },
    {
      "text": "Түлхэх",
      "note": "",
      "tags": []
    },
    {
      "text": "Засах",
      "note": "Repair",
      "tags": []
    },
    {
      "text": "Эвдэх",
      "note": "",
      "tags": []
    },
    {
      "text": "Өвдөх / Гэмтэх",
      "note": "",
      "tags": []
    },
    {
      "text": "Эмчлэх / Эдгээх",
      "note": "",
      "tags": []
    },
    {
      "text": "Дасгал хийх",
      "note": "",
      "tags": []
    },
    {
      "text": "Усанд сэлэх",
      "note": "",
      "tags": []
    },
    {
      "text": "Аялах",
      "note": "",
      "tags": []
    },
    {
      "text": "Жолоодох",
      "note": "",
      "tags": []
    },
    {
      "text": "Цэвэрлэх",
      "note": "",
      "tags": []
    },
    {
      "text": "Аяга таваг угаах",
      "note": "",
      "tags": []
    },
    {
      "text": "Хувцас угаах",
      "note": "",
      "tags": []
    },
    {
      "text": "Шүршүүрт орох",
      "note": "",
      "tags": []
    },
    {
      "text": "Шүдээ угаах",
      "note": "",
      "tags": []
    },
    {
      "text": "Сэрэх",
      "note": "Wake up",
      "tags": []
    },
    {
      "text": "Ор хөнжлийн ажилд орох",
      "note": "Sleeping",
      "tags": []
    },
    {
      "text": "Ойлгох",
      "note": "",
      "tags": []
    },
    {
      "text": "Санах",
      "note": "",
      "tags": []
    }
  ]
}