{
  "default_type": "word",
  "subject": "Βασικά Ουσιαστικά 50",
  "pos": "noun",
  "entries": [
    {
      "text": "Άνθρωπος",
      "note": "",
      "tags": []
    },
    {
      "text": "Νερό",
      "note": "Πόσιμο νερό",
      "tags": []
    },
    {
      "text": "Φαγητό / Ρύζι",
      "note": "Γεύμα",
      "tags": []
    },
    {
      "text": "Ψωμί",
      "note": "",
      "tags": []
    },
    {
      "text": "Μήλο",
      "note": "Φρούτο",
      "tags": []
    },
    {
      "text": "Γάλα",
      "note": "",
      "tags": []
    },
    {
      "text": "Κρέας",
      "note": "",
      "tags": []
    },
    {
      "text": "Ρούχα",
      "note": "",
      "tags": []
    },
    {
      "text": "Σπίτι",
      "note": "Kατοικία",
      "tags": []
    },
    {
      "text": "Δωμάτιο",
      "note": "",
      "tags": []
    },
    {
      "text": "Παράθυρο",
      "note": "",
      "tags": []
    },
    {
      "text": "Πόρτα",
      "note": "Είσοδος",
      "tags": []
    },
    {
      "text": "Γραφείο",
      "note": "",
      "tags": []
    },
    {
      "text": "Καρέκλα",
      "note": "",
      "tags": []
    },
    {
      "text": "Υπολογιστής",
      "note": "",
      "tags": []
    },
    {
      "text": "Τηλέφωνο",
      "note": "",
      "tags": []
    },
    {
      "text": "Βιβλίο",
      "note": "Βιβλίο",
      "tags": []
    },
    {
      "text": "Μολύβι",
      "note": "",
      "tags": []
    },
    {
      "text": "Χαρτί",
      "note": "",
      "tags": []
    },
    {
      "text": "Τσάντα",
      "note": "",
      "tags": []
    },
    {
      "text": "Σχολείο",
      "note": "",
      "tags": []
    },
    {
      "text": "Εταιρεία",
      "note": "",
      "tags": []
    },
    {
      "text": "Νοσοκομείο",
      "note": "",
      "tags": []
    },
    {
      "text": "Φαρμακείο",
      "note": "",
      "tags": []
    },
    {
      "text": "Εστιατόριο",
      "note": "",
      "tags": []
    },
    {
      "text": "Αγορά",
      "note": "Αγορά",
      "tags": []
    },
    {
      "text": "Μετρό",
      "note": "",
      "tags": []
    },
    {
      "text": "Λεωφορείο",
      "note": "",
      "tags": []
    },
    {
      "text": "Ταξί",
      "note": "",
      "tags": []
    },
    {
      "text": "Αεροπλάνο",
      "note": "",
      "tags": []
    },
    {
      "text": "Τρένο",
      "note": "",
      "tags": []
    },
    {
      "text": "Ποδήλατο",
      "note": "",
      "tags": []
    },
    {
      "text": "Δρόμος",
      "note": "Δρόμος",
      "tags": []
    },
    {
      "text": "Βουνό",
      "note": "",
      "tags": []
    },
    {
      "text": "Θάλασσα",
      "note": "",
      "tags": []
    },
    {
      "text": "Ποτάμι",
      "note": "",
      "tags": []
    },
    {
      "text": "Ουρανός",
      "note": "",
      "tags": []
    },
    {
      "text": "Ήλιος / Έτος",
      "note": "Ήλιος / Έτος",
      "tags": []
    },
    {
      "text": "Σελήνη",
      "note": "Δορυφόρος",
      "tags": []
    },
    {
      "text": "Αστέρι",
      "note": "Ουράνιο σώμα",
      "tags": []
    },
    {
      "text": "Δέντρο",
      "note": "",
      "tags": []
    },
    {
      "text": "Λουλούδι",
      "note": "",
      "tags": []
    },
    {
      "text": "Κουτάβι",
      "note": "",
      "tags": []
    },
    {
      "text": "Γάτα",
      "note": "",
      "tags": []
    },
    {
      "text": "Χρήματα",
      "note": "Μετρητά",
      "tags": []
    },
    {
      "text": "Χρόνος",
      "note": "",
      "tags": []
    },
    {
      "text": "Σήμερα",
      "note": "",
      "tags": []
    },
    {
      "text": "Αύριο",
      "note": "",
      "tags": []
    },
    {
      "text": "Χθες",
      "note": "",
      "tags": []
    },
    {
      "text": "Φίλος",
      "note": "",
      "tags": []
    }
  ]
}