{
  "default_type": "word",
  "subject": "Βασικά Ρήματα 100",
  "pos": "verb",
  "entries": [
    {
      "text": "Πηγαίνω",
      "note": "",
      "tags": []
    },
    {
      "text": "Έρχομαι",
      "note": "",
      "tags": []
    },
    {
      "text": "Τρώω",
      "note": "",
      "tags": []
    },
    {
      "text": "Πίνω",
      "note": "",
      "tags": []
    },
    {
      "text": "Κοιμάμαι",
      "note": "",
      "tags": []
    },
    {
      "text": "Βλέπω",
      "note": "",
      "tags": []
    },
    {
      "text": "Αγοράζω",
      "note": "",
      "tags": []
    },
    {
      "text": "Πουλάω",
      "note": "",
      "tags": []
    },
    {
      "text": "Διαβάζω",
      "note": "",
      "tags": []
    },
    {
      "text": "Γράφω",
      "note": "Γραφή",
      "tags": []
    },
    {
      "text": "Ακούω",
      "note": "",
      "tags": []
    },
    {
      "text": "Μιλάω",
      "note": "",
      "tags": []
    },
    {
      "text": "Κάνω",
      "note": "",
      "tags": []
    },
    {
      "text": "Δουλεύω",
      "note": "",
      "tags": []
    },
    {
      "text": "Σπουδάζω / Μελετάω",
      "note": "",
      "tags": []
    },
    {
      "text": "Διδάσκω",
      "note": "",
      "tags": []
    },
    {
      "text": "Μαθαίνω",
      "note": "",
      "tags": []
    },
    {
      "text": "Περιμένω",
      "note": "",
      "tags": []
    },
    {
      "text": "Συναντώ",
      "note": "",
      "tags": []
    },
    {
      "text": "Αγαπώ",
      "note": "",
      "tags": []
    },
    {
      "text": "Μου αρέσει",
      "note": "",
      "tags": []
    },
    {
      "text": "Μισώ",
      "note": "",
      "tags": []
    },
    {
      "text": "Γελάω",
      "note": "",
      "tags": []
    },
    {
      "text": "Κλαίω",
      "note": "",
      "tags": []
    },
    {
      "text": "Περπατάω",
      "note": "",
      "tags": []
    },
    {
      "text": "Τρέχω",
      "note": "Τρέξιμο",
      "tags": []
    },
    {
      "text": "Κάθομαι",
      "note": "",
      "tags": []
    },
    {
      "text": "Στέκομαι",
      "note": "",
      "tags": []
    },
    {
      "text": "Δίνω",
      "note": "",
      "tags": []
    },
    {
      "text": "Παίρνω / Λαμβάνω",
      "note": "",
      "tags": []
    },
    {
      "text": "Ανοίγω",
      "note": "",
      "tags": []
    },
    {
      "text": "Κλείνω",
      "note": "",
      "tags": []
    },
    {
      "text": "Σκέφτομαι",
      "note": "",
      "tags": []
    },
    {
      "text": "Ξέρω",
      "note": "",
      "tags": []
    },
    {
      "text": "Δεν ξέρω",
      "note": "",
      "tags": []
    },
    {
      "text": "Ψάχνω / Βρίσκω",
      "note": "",
      "tags": []
    },
    {
      "text": "Χάνω",
      "note": "",
      "tags": []
    },
    {
      "text": "Βοηθάω",
      "note": "",
      "tags": []
    },
    {
      "text": "Πλένω",
      "note": "",
      "tags": []
    },
    {
      "text": "Μαγειρεύω",
      "note": "",
      "tags": []
    },
    {
      "text": "Τραγουδάω",
      "note": "",
      "tags": []
    },
    {
      "text": "Χορεύω",
      "note": "",
      "tags": []
    },
    {
      "text": "Χρησιμοποιώ",
      "note": "",
      "tags": []
    },
    {
      "text": "Φτιάχνω / Δημιουργώ",
      "note": "",
      "tags": []
    },
    {
      "text": "Φωνάζω / Τραγουδάω",
      "note": "Τραγούδι / Όνομα",
      "tags": []
    },
    {
      "text": "Πιάνω / Κρατάω",
      "note": "",
      "tags": []
    },
    {
      "text": "Βάζω / Αφήνω",
      "note": "",
      "tags": []
    },
    {
      "text": "Μπαίνω",
      "note": "",
      "tags": []
    },
    {
      "text": "Βγαίνω",
      "note": "",
      "tags": []
    },
    {
      "text": "Επιβιβάζομαι",
      "note": "Σε όχημα",
      "tags": []
    },
    {
      "text": "Αποβιβάζομαι",
      "note": "Από όχημα",
      "tags": []
    },
    {
      "text": "Στέλνω",
      "note": "",
      "tags": []
    },
    {
      "text": "Υποβάλλω",
      "note": "Υποβολή",
      "tags": []
    },
    {
      "text": "Τα πάω",
      "note": "Χαιρετισμός",
      "tags": []
    },
    {
      "text": "Αρχίζω",
      "note": "",
      "tags": []
    },
    {
      "text": "Τελειώνω",
      "note": "",
      "tags": []
    },
    {
      "text": "Ξεκουράζομαι",
      "note": "Ξεκούραση",
      "tags": []
    },
    {
      "text": "Ρωτάω",
      "note": "Ερώτηση",
      "tags": []
    },
    {
      "text": "Απαντάω",
      "note": "",
      "tags": []
    },
    {
      "text": "Υπόσχομαι",
      "note": "",
      "tags": []
    },
    {
      "text": "Ανησυχώ",
      "note": "",
      "tags": []
    },
    {
      "text": "Πιστεύω",
      "note": "",
      "tags": []
    },
    {
      "text": "Αμφιβάλλω",
      "note": "",
      "tags": []
    },
    {
      "text": "Εύχομαι / Ελπίζω",
      "note": "Ελπίδα",
      "tags": []
    },
    {
      "text": "Ονειρεύομαι",
      "note": "",
      "tags": []
    },
    {
      "text": "Μαλώνω",
      "note": "",
      "tags": []
    },
    {
      "text": "Νικάω",
      "note": "",
      "tags": []
    },
    {
      "text": "Χάνω",
      "note": "Ήττα",
      "tags": []
    },
    {
      "text": "Μεγαλώνω",
      "note": "Ανάπτυξη",
      "tags": []
    },
    {
      "text": "Ζω / Μένω",
      "note": "",
      "tags": []
    },
    {
      "text": "Πεθαίνω",
      "note": "",
      "tags": []
    },
    {
      "text": "Μαζεύω",
      "note": "",
      "tags": []
    },
    {
      "text": "Πετάω",
      "note": "",
      "tags": []
    },
    {
      "text": "Κρύβω",
      "note": "",
      "tags": []
    },
    {
      "text": "Αναζητώ",
      "note": "",
      "tags": []
    },
    {
      "text": "Επιλέγω",
      "note": "",
      "tags": []
    },
    {
      "text": "Αλλάζω",
      "note": "",
      "tags": []
    },
    {
      "text": "Παραγγέλνω",
      "note": "Αγορά ειδών",
      "tags": []
    },
    {
      "text": "Προετοιμάζω",
      "note": "",
      "tags": []
    },
    {
      "text": "Πιάνω",
      "note": "",
      "tags": []
    },
    {
      "text": "Πετάω (ρίχνω)",
      "note": "",
      "tags": []
    },
    {
      "text": "Τραβάω",
      "note": "",
      "tags": []
    },
    {
      "text": "Σπρώχνω",
      "note": "",
      "tags": []
    },
    {
      "text": "Διορθώνω / Επισκευάζω",
      "note": "Επισκευή",
      "tags": []
    },
    {
      "text": "Σπάω",
      "note": "",
      "tags": []
    },
    {
      "text": "Είμαι άρρωστος / Πονάω",
      "note": "",
      "tags": []
    },
    {
      "text": "Θεραπεύω",
      "note": "",
      "tags": []
    },
    {
      "text": "Γυμνάζομαι",
      "note": "",
      "tags": []
    },
    {
      "text": "Κολυμπάω",
      "note": "",
      "tags": []
    },
    {
      "text": "Ταξιδεύω",
      "note": "",
      "tags": []
    },
    {
      "text": "Οδηγώ",
      "note": "",
      "tags": []
    },
    {
      "text": "Καθαρίζω",
      "note": "",
      "tags": []
    },
    {
      "text": "Πλένω πιάτα",
      "note": "",
      "tags": []
    },
    {
      "text": "Πλένω ρούχα",
      "note": "",
      "tags": []
    },
    {
      "text": "Κάνω ντους",
      "note": "",
      "tags": []
    },
    {
      "text": "Πλένω τα δόντια",
      "note": "",
      "tags": []
    },
    {
      "text": "Ξυπνάω / Σηκώνομαι",
      "note": "Αφύπνιση",
      "tags": []
    },
    {
      "text": "Πάω για ύπνο",
      "note": "Ύπνος",
      "tags": []
    },
    {
      "text": "Καταλαβαίνω",
      "note": "",
      "tags": []
    },
    {
      "text": "Θυμάμαι",
      "note": "",
      "tags": []
    }
  ]
}