{
  "default_type": "sentence",
  "subject": "அடிப்படை வெளிப்பாடுகள் மற்றும் தினசரி வாக்கியங்கள் 50",
  "entries": [
    {
      "text": "வணக்கம்.",
      "note": "மரியாதையான வாழ்த்து",
      "form_type": "",
      "style": "",
      "tags": []
    },
    {
      "text": "உங்களைச் சந்தித்ததில் மகிழ்ச்சி.",
      "note": "முதல் சந்திப்பு",
      "form_type": "",
      "style": "",
      "tags": []
    },
    {
      "text": "உங்களைப் பார்த்து நீண்ட நாட்களாகிவிட்டன.",
      "note": "மீண்டும் சந்திப்பு",
      "form_type": "",
      "style": "",
      "tags": []
    },
    {
      "text": "மிக்க நன்றி.",
      "note": "முறையானது",
      "form_type": "",
      "style": "",
      "tags": []
    },
    {
      "text": "என்னை மன்னியுங்கள்.",
      "note": "முறையானது",
      "form_type": "",
      "style": "",
      "tags": []
    },
    {
      "text": "மன்னிக்கவும்.",
      "note": "கவனத்தை ஈர்க்க",
      "form_type": "",
      "style": "",
      "tags": []
    },
    {
      "text": "எப்படி இருக்கிறீர்கள்?",
      "note": "நல விசாரனை",
      "form_type": "",
      "style": "",
      "tags": []
    },
    {
      "text": "நன்றாக இருக்கிறேன், நன்றி.",
      "note": "",
      "form_type": "",
      "style": "",
      "tags": []
    },
    {
      "text": "உங்கள் பெயர் என்ன?",
      "note": "",
      "form_type": "",
      "style": "",
      "tags": []
    },
    {
      "text": "என் பெயர் ...",
      "note": "",
      "form_type": "",
      "style": "",
      "tags": []
    },
    {
      "text": "நீங்கள் எங்கிருந்து வருகிறீர்கள்?",
      "note": "",
      "form_type": "",
      "style": "",
      "tags": []
    },
    {
      "text": "நான் அமெரிக்காவிலிருந்து வருகிறேன்.",
      "note": "",
      "form_type": "",
      "style": "",
      "tags": []
    },
    {
      "text": "போய் வருகிறேன்.",
      "note": "செல்பவருக்கு",
      "form_type": "",
      "style": "",
      "tags": []
    },
    {
      "text": "நன்றாக இருங்கள் / போய் வாருங்கள்.",
      "note": "தங்குபவருக்கு",
      "form_type": "",
      "style": "",
      "tags": []
    },
    {
      "text": "ஆம்.",
      "note": "நேர்மறையானது",
      "form_type": "",
      "style": "",
      "tags": []
    },
    {
      "text": "இல்லை.",
      "note": "எதிர்மறையானது",
      "form_type": "",
      "style": "",
      "tags": []
    },
    {
      "text": "ஒருவேளை.",
      "note": "யூகம்",
      "form_type": "",
      "style": "",
      "tags": []
    },
    {
      "text": "எனக்கு புரிகிறது.",
      "note": "",
      "form_type": "",
      "style": "",
      "tags": []
    },
    {
      "text": "எனக்குத் தெரியாது.",
      "note": "",
      "form_type": "",
      "style": "",
      "tags": []
    },
    {
      "text": "தயவுசெய்து எனக்கு உதவுங்கள்.",
      "note": "",
      "form_type": "",
      "style": "",
      "tags": []
    },
    {
      "text": "தயவுசெய்து ஒரு நிமிடம் காத்திருங்கள்.",
      "note": "",
      "form_type": "",
      "style": "",
      "tags": []
    },
    {
      "text": "இதன் விலை எவ்வளவு?",
      "note": "ஷாப்பிங்",
      "form_type": "",
      "style": "",
      "tags": []
    },
    {
      "text": "கழிப்பறை எங்கே உள்ளது?",
      "note": "",
      "form_type": "",
      "style": "",
      "tags": []
    },
    {
      "text": "எனக்கு பசிக்கிறது.",
      "note": "",
      "form_type": "",
      "style": "",
      "tags": []
    },
    {
      "text": "எனக்கு தாகமாக இருக்கிறது.",
      "note": "",
      "form_type": "",
      "style": "",
      "tags": []
    },
    {
      "text": "இது சுவையாக இருக்கிறது.",
      "note": "",
      "form_type": "",
      "style": "",
      "tags": []
    },
    {
      "text": "எனக்கு இது பிடிக்கும்.",
      "note": "",
      "form_type": "",
      "style": "",
      "tags": []
    },
    {
      "text": "பரவாயில்லை / சரி.",
      "note": "",
      "form_type": "",
      "style": "",
      "tags": []
    },
    {
      "text": "வாழ்த்துகள்.",
      "note": "",
      "form_type": "",
      "style": "",
      "tags": []
    },
    {
      "text": "இப்போது நேரம் என்ன?",
      "note": "",
      "form_type": "",
      "style": "",
      "tags": []
    },
    {
      "text": "இன்று வானிலை நன்றாக இருக்கிறது.",
      "note": "",
      "form_type": "",
      "style": "",
      "tags": []
    },
    {
      "text": "குளிராக இருக்கிறது.",
      "note": "",
      "form_type": "",
      "style": "",
      "tags": []
    },
    {
      "text": "வெப்பமாக இருக்கிறது.",
      "note": "",
      "form_type": "",
      "style": "",
      "tags": []
    },
    {
      "text": "நான் சோர்வாக இருக்கிறேன்.",
      "note": "",
      "form_type": "",
      "style": "",
      "tags": []
    },
    {
      "text": "நான் மகிழ்ச்சியாக இருக்கிறேன்.",
      "note": "",
      "form_type": "",
      "style": "",
      "tags": []
    },
    {
      "text": "பாராட்டுக்கள்.",
      "note": "",
      "form_type": "",
      "style": "",
      "tags": []
    },
    {
      "text": "பிறந்தநாள் வாழ்த்துகள்.",
      "note": "",
      "form_type": "",
      "style": "",
      "tags": []
    },
    {
      "text": "இந்த நாள் இனிதாக அமையட்டும்.",
      "note": "",
      "form_type": "",
      "style": "",
      "tags": []
    },
    {
      "text": "நாளை சந்திப்போம்.",
      "note": "",
      "form_type": "",
      "style": "",
      "tags": []
    },
    {
      "text": "உடம்பை பார்த்துக்கொள்ளுங்கள்.",
      "note": "",
      "form_type": "",
      "style": "",
      "tags": []
    },
    {
      "text": "நீங்கள் ஆங்கிலம் பேசுவீர்களா?",
      "note": "",
      "form_type": "",
      "style": "",
      "tags": []
    },
    {
      "text": "எனக்கு கொரிய மொழி கொஞ்சம் தான் தெரியும்.",
      "note": "",
      "form_type": "",
      "style": "",
      "tags": []
    },
    {
      "text": "தயவுசெய்து மெதுவாகப் பேசுங்கள்.",
      "note": "",
      "form_type": "",
      "style": "",
      "tags": []
    },
    {
      "text": "இதன் பொருள் என்ன?",
      "note": "",
      "form_type": "",
      "style": "",
      "tags": []
    },
    {
      "text": "இதை கொரிய மொழியில் எப்படி சொல்வது?",
      "note": "",
      "form_type": "",
      "style": "",
      "tags": []
    },
    {
      "text": "நான் உன்னை காதலிக்கிறேன்.",
      "note": "",
      "form_type": "",
      "style": "",
      "tags": []
    },
    {
      "text": "தயவுசெய்து காத்திருங்கள்.",
      "note": "",
      "form_type": "",
      "style": "",
      "tags": []
    },
    {
      "text": "வரவேற்கிறேன் / பரவாயில்லை.",
      "note": "",
      "form_type": "",
      "style": "",
      "tags": []
    },
    {
      "text": "இல்லை, நன்றி.",
      "note": "",
      "form_type": "",
      "style": "",
      "tags": []
    },
    {
      "text": "எனக்கு ஒரு கேள்வி உள்ளது.",
      "note": "",
      "form_type": "",
      "style": "",
      "tags": []
    }
  ]
}