{
  "default_type": "sentence",
  "subject": "สำนวนพื้นฐานและประโยคที่ใช้บ่อย 50",
  "entries": [
    {
      "text": "สวัสดีครับ/ค่ะ",
      "note": "คำทักทายที่สุภาพ",
      "form_type": "",
      "style": "",
      "tags": []
    },
    {
      "text": "ยินดีที่ได้รู้จักครับ/ค่ะ",
      "note": "การพบกันครั้งแรก",
      "form_type": "",
      "style": "",
      "tags": []
    },
    {
      "text": "ไม่ได้เจอกันนานเลยนะ",
      "note": "การพบกันอีกครั้ง",
      "form_type": "",
      "style": "",
      "tags": []
    },
    {
      "text": "ขอบคุณมากครับ/ค่ะ",
      "note": "ทางการ",
      "form_type": "",
      "style": "",
      "tags": []
    },
    {
      "text": "ขอโทษครับ/ค่ะ",
      "note": "ทางการ",
      "form_type": "",
      "style": "",
      "tags": []
    },
    {
      "text": "ขอประทานโทษครับ/ค่ะ",
      "note": "การเรียกความสนใจ",
      "form_type": "",
      "style": "",
      "tags": []
    },
    {
      "text": "สบายดีไหมครับ/ค่ะ?",
      "note": "การทักทาย",
      "form_type": "",
      "style": "",
      "tags": []
    },
    {
      "text": "สบายดีครับ/ค่ะ ขอบคุณ",
      "note": "",
      "form_type": "",
      "style": "",
      "tags": []
    },
    {
      "text": "คุณชื่ออะไรครับ/ค่ะ?",
      "note": "",
      "form_type": "",
      "style": "",
      "tags": []
    },
    {
      "text": "ผม/ฉันชื่อ ...",
      "note": "",
      "form_type": "",
      "style": "",
      "tags": []
    },
    {
      "text": "คุณมาจากไหนครับ/ค่ะ?",
      "note": "",
      "form_type": "",
      "style": "",
      "tags": []
    },
    {
      "text": "ผม/ฉันมาจากอเมริกาครับ/ค่ะ",
      "note": "",
      "form_type": "",
      "style": "",
      "tags": []
    },
    {
      "text": "ลาก่อนครับ/ค่ะ",
      "note": "สำหรับผู้ที่ไป",
      "form_type": "",
      "style": "",
      "tags": []
    },
    {
      "text": "โชคดีนะครับ/ค่ะ / ลาก่อน",
      "note": "สำหรับผู้ที่อยู่",
      "form_type": "",
      "style": "",
      "tags": []
    },
    {
      "text": "ใช่ครับ/ค่ะ",
      "note": "ตอบรับ",
      "form_type": "",
      "style": "",
      "tags": []
    },
    {
      "text": "ไม่ใช่ครับ/ค่ะ",
      "note": "ปฏิเสธ",
      "form_type": "",
      "style": "",
      "tags": []
    },
    {
      "text": "อาจจะครับ/ค่ะ",
      "note": "คาดเดา",
      "form_type": "",
      "style": "",
      "tags": []
    },
    {
      "text": "เข้าใจแล้วครับ/ค่ะ",
      "note": "",
      "form_type": "",
      "style": "",
      "tags": []
    },
    {
      "text": "ไม่ทราบครับ/ค่ะ",
      "note": "",
      "form_type": "",
      "style": "",
      "tags": []
    },
    {
      "text": "ช่วยหน่อยได้ไหมครับ/ค่ะ?",
      "note": "",
      "form_type": "",
      "style": "",
      "tags": []
    },
    {
      "text": "รอสักครู่นะครับ/ค่ะ",
      "note": "",
      "form_type": "",
      "style": "",
      "tags": []
    },
    {
      "text": "ราคาเท่าไหร่ครับ/ค่ะ?",
      "note": "ซื้อของ",
      "form_type": "",
      "style": "",
      "tags": []
    },
    {
      "text": "ห้องน้ำอยู่ที่ไหนครับ/ค่ะ?",
      "note": "",
      "form_type": "",
      "style": "",
      "tags": []
    },
    {
      "text": "หิวข้าวแล้วครับ/ค่ะ",
      "note": "",
      "form_type": "",
      "style": "",
      "tags": []
    },
    {
      "text": "หิวน้ำแล้วครับ/ค่ะ",
      "note": "",
      "form_type": "",
      "style": "",
      "tags": []
    },
    {
      "text": "อร่อยมากครับ/ค่ะ",
      "note": "",
      "form_type": "",
      "style": "",
      "tags": []
    },
    {
      "text": "ชอบอันนี้ครับ/ค่ะ",
      "note": "",
      "form_type": "",
      "style": "",
      "tags": []
    },
    {
      "text": "ไม่เป็นไรครับ/ค่ะ",
      "note": "",
      "form_type": "",
      "style": "",
      "tags": []
    },
    {
      "text": "โชคดีนะ",
      "note": "",
      "form_type": "",
      "style": "",
      "tags": []
    },
    {
      "text": "ตอนนี้กี่โมงแล้วครับ/ค่ะ?",
      "note": "",
      "form_type": "",
      "style": "",
      "tags": []
    },
    {
      "text": "วันนี้อากาศดีนะ",
      "note": "",
      "form_type": "",
      "style": "",
      "tags": []
    },
    {
      "text": "หนาวจัง",
      "note": "",
      "form_type": "",
      "style": "",
      "tags": []
    },
    {
      "text": "ร้อนจัง",
      "note": "",
      "form_type": "",
      "style": "",
      "tags": []
    },
    {
      "text": "เหนื่อยจัง",
      "note": "",
      "form_type": "",
      "style": "",
      "tags": []
    },
    {
      "text": "มีความสุขจัง",
      "note": "",
      "form_type": "",
      "style": "",
      "tags": []
    },
    {
      "text": "ยินดีด้วยนะ",
      "note": "",
      "form_type": "",
      "style": "",
      "tags": []
    },
    {
      "text": "สุขสันต์วันเกิดนะ",
      "note": "",
      "form_type": "",
      "style": "",
      "tags": []
    },
    {
      "text": "ขอให้เป็นวันที่ดีนะ",
      "note": "",
      "form_type": "",
      "style": "",
      "tags": []
    },
    {
      "text": "ไว้เจอกันพรุ่งนี้นะ",
      "note": "",
      "form_type": "",
      "style": "",
      "tags": []
    },
    {
      "text": "ดูแลตัวเองด้วยนะ",
      "note": "",
      "form_type": "",
      "style": "",
      "tags": []
    },
    {
      "text": "พูดภาษาอังกฤษได้ไหมครับ/ค่ะ?",
      "note": "",
      "form_type": "",
      "style": "",
      "tags": []
    },
    {
      "text": "พูดภาษาเกาหลีได้นิดหน่อยครับ/ค่ะ",
      "note": "",
      "form_type": "",
      "style": "",
      "tags": []
    },
    {
      "text": "ช่วยพูดช้าๆ หน่อยได้ไหมครับ/ค่ะ?",
      "note": "",
      "form_type": "",
      "style": "",
      "tags": []
    },
    {
      "text": "นี่หมายความว่าอะไรครับ/ค่ะ?",
      "note": "",
      "form_type": "",
      "style": "",
      "tags": []
    },
    {
      "text": "ภาษาเกาหลีเรียกว่าอะไรครับ/ค่ะ?",
      "note": "",
      "form_type": "",
      "style": "",
      "tags": []
    },
    {
      "text": "ฉันรักคุณ / ผมรักคุณ",
      "note": "",
      "form_type": "",
      "style": "",
      "tags": []
    },
    {
      "text": "กรุณารอสักครู่นะครับ/ค่ะ",
      "note": "",
      "form_type": "",
      "style": "",
      "tags": []
    },
    {
      "text": "ยินดีต้อนรับ / ไม่เป็นไรครับ/ค่ะ",
      "note": "",
      "form_type": "",
      "style": "",
      "tags": []
    },
    {
      "text": "ไม่เป็นไรครับ/ค่ะ ขอบคุณ",
      "note": "",
      "form_type": "",
      "style": "",
      "tags": []
    },
    {
      "text": "มีคำถามครับ/ค่ะ",
      "note": "",
      "form_type": "",
      "style": "",
      "tags": []
    }
  ]
}