{
  "default_type": "sentence",
  "subject": "Հիմնական ողջույններ և ամենօրյա նախադասություններ 50",
  "entries": [
    {
      "text": "Բարև։",
      "note": "Polite greeting",
      "form_type": "",
      "style": "",
      "tags": []
    },
    {
      "text": "Հաճելի է ծանոթանալ ձեզ հետ։",
      "note": "First meeting",
      "form_type": "",
      "style": "",
      "tags": []
    },
    {
      "text": "Վաղուց չենք հանդիպել։",
      "note": "Reunion",
      "form_type": "",
      "style": "",
      "tags": []
    },
    {
      "text": "Շնորհակալություն։",
      "note": "Formal",
      "form_type": "",
      "style": "",
      "tags": []
    },
    {
      "text": "Կներեք։",
      "note": "Formal",
      "form_type": "",
      "style": "",
      "tags": []
    },
    {
      "text": "Ներեցեք։",
      "note": "Attention",
      "form_type": "",
      "style": "",
      "tags": []
    },
    {
      "text": "Ինչպե՞ս եք։",
      "note": "Greetings",
      "form_type": "",
      "style": "",
      "tags": []
    },
    {
      "text": "Ես լավ եմ, շնորհակալություն։",
      "note": "",
      "form_type": "",
      "style": "",
      "tags": []
    },
    {
      "text": "Ինչպե՞ս է Ձեր անունը։",
      "note": "",
      "form_type": "",
      "style": "",
      "tags": []
    },
    {
      "text": "Իմ անունն է ...",
      "note": "",
      "form_type": "",
      "style": "",
      "tags": []
    },
    {
      "text": "Որտեղի՞ց եք։",
      "note": "",
      "form_type": "",
      "style": "",
      "tags": []
    },
    {
      "text": "Ես Ամերիկայից եմ։",
      "note": "",
      "form_type": "",
      "style": "",
      "tags": []
    },
    {
      "text": "Ցտեսություն։",
      "note": "To someone leaving",
      "form_type": "",
      "style": "",
      "tags": []
    },
    {
      "text": "Մնաս բարով։",
      "note": "To someone staying",
      "form_type": "",
      "style": "",
      "tags": []
    },
    {
      "text": "Այո։",
      "note": "Positive",
      "form_type": "",
      "style": "",
      "tags": []
    },
    {
      "text": "Ոչ։",
      "note": "Negative",
      "form_type": "",
      "style": "",
      "tags": []
    },
    {
      "text": "Միգուցե։",
      "note": "Guess",
      "form_type": "",
      "style": "",
      "tags": []
    },
    {
      "text": "Ես հասկանում եմ։",
      "note": "",
      "form_type": "",
      "style": "",
      "tags": []
    },
    {
      "text": "Ես չգիտեմ։",
      "note": "",
      "form_type": "",
      "style": "",
      "tags": []
    },
    {
      "text": "Խնդրում եմ օգնեք ինձ։",
      "note": "",
      "form_type": "",
      "style": "",
      "tags": []
    },
    {
      "text": "Մի րոպե, խնդրում եմ։",
      "note": "",
      "form_type": "",
      "style": "",
      "tags": []
    },
    {
      "text": "Ինչքա՞ն արժե սա։",
      "note": "Shopping",
      "form_type": "",
      "style": "",
      "tags": []
    },
    {
      "text": "Որտե՞ղ է զուգարանը։",
      "note": "",
      "form_type": "",
      "style": "",
      "tags": []
    },
    {
      "text": "Ես սոված եմ։",
      "note": "",
      "form_type": "",
      "style": "",
      "tags": []
    },
    {
      "text": "Ես ծարավ եմ։",
      "note": "",
      "form_type": "",
      "style": "",
      "tags": []
    },
    {
      "text": "Դա համեղ է։",
      "note": "",
      "form_type": "",
      "style": "",
      "tags": []
    },
    {
      "text": "Ինձ դուր է գալիս։",
      "note": "",
      "form_type": "",
      "style": "",
      "tags": []
    },
    {
      "text": "Լավ է։",
      "note": "",
      "form_type": "",
      "style": "",
      "tags": []
    },
    {
      "text": "Հաջողություն։",
      "note": "",
      "form_type": "",
      "style": "",
      "tags": []
    },
    {
      "text": "Հիմա ժամը քանիսն է։",
      "note": "",
      "form_type": "",
      "style": "",
      "tags": []
    },
    {
      "text": "Այսօր եղանակը լավ է։",
      "note": "",
      "form_type": "",
      "style": "",
      "tags": []
    },
    {
      "text": "Ցուրտ է։",
      "note": "",
      "form_type": "",
      "style": "",
      "tags": []
    },
    {
      "text": "Տաք է։",
      "note": "",
      "form_type": "",
      "style": "",
      "tags": []
    },
    {
      "text": "Ես հոգնել եմ։",
      "note": "",
      "form_type": "",
      "style": "",
      "tags": []
    },
    {
      "text": "Ես ուրախ եմ։",
      "note": "",
      "form_type": "",
      "style": "",
      "tags": []
    },
    {
      "text": "Շնորհավորում եմ։",
      "note": "",
      "form_type": "",
      "style": "",
      "tags": []
    },
    {
      "text": "Ծնունդդ շնորհավոր։",
      "note": "",
      "form_type": "",
      "style": "",
      "tags": []
    },
    {
      "text": "Բարի օր եմ մաղթում։",
      "note": "",
      "form_type": "",
      "style": "",
      "tags": []
    },
    {
      "text": "Կհանդիպենք վաղը։",
      "note": "",
      "form_type": "",
      "style": "",
      "tags": []
    },
    {
      "text": "Եղեք առողջ։",
      "note": "",
      "form_type": "",
      "style": "",
      "tags": []
    },
    {
      "text": "Դուք խոսո՞ւմ եք անգլերեն։",
      "note": "",
      "form_type": "",
      "style": "",
      "tags": []
    },
    {
      "text": "Ես կարող եմ խոսել միայն մի փոքր կորեերեն։",
      "note": "",
      "form_type": "",
      "style": "",
      "tags": []
    },
    {
      "text": "Խնդրում եմ դանդաղ խոսեք։",
      "note": "",
      "form_type": "",
      "style": "",
      "tags": []
    },
    {
      "text": "Ի՞նչ է սա նշանակում։",
      "note": "",
      "form_type": "",
      "style": "",
      "tags": []
    },
    {
      "text": "Ինչպե՞ս են ասում դա կորեերեն։",
      "note": "",
      "form_type": "",
      "style": "",
      "tags": []
    },
    {
      "text": "Ես սիրում եմ քեզ։",
      "note": "",
      "form_type": "",
      "style": "",
      "tags": []
    },
    {
      "text": "Խնդրում եմ սպասեք։",
      "note": "",
      "form_type": "",
      "style": "",
      "tags": []
    },
    {
      "text": "Խնդրեմ։",
      "note": "",
      "form_type": "",
      "style": "",
      "tags": []
    },
    {
      "text": "Ոչ, լավ է։",
      "note": "",
      "form_type": "",
      "style": "",
      "tags": []
    },
    {
      "text": "Ես հարց ունեմ։",
      "note": "",
      "form_type": "",
      "style": "",
      "tags": []
    }
  ]
}