{
  "default_type": "word",
  "subject": "Հիմնական գոյականներ 50",
  "pos": "noun",
  "entries": [
    {
      "text": "Մարդ",
      "note": "",
      "tags": []
    },
    {
      "text": "Ջուր",
      "note": "Drinking water",
      "tags": []
    },
    {
      "text": "Բրինձ / Ուտելիք",
      "note": "Meal",
      "tags": []
    },
    {
      "text": "Հաց",
      "note": "",
      "tags": []
    },
    {
      "text": "Խնձոր",
      "note": "Fruit",
      "tags": []
    },
    {
      "text": "Կաթ",
      "note": "",
      "tags": []
    },
    {
      "text": "Միս",
      "note": "",
      "tags": []
    },
    {
      "text": "Հագուստ",
      "note": "",
      "tags": []
    },
    {
      "text": "Տուն",
      "note": "Housing",
      "tags": []
    },
    {
      "text": "Սենյակ",
      "note": "",
      "tags": []
    },
    {
      "text": "Պատուհան",
      "note": "",
      "tags": []
    },
    {
      "text": "Դուռ",
      "note": "Entrance",
      "tags": []
    },
    {
      "text": "Սեղան",
      "note": "",
      "tags": []
    },
    {
      "text": "Աթոռ",
      "note": "",
      "tags": []
    },
    {
      "text": "Համակարգիչ",
      "note": "",
      "tags": []
    },
    {
      "text": "Հեռախոս",
      "note": "",
      "tags": []
    },
    {
      "text": "Գիրք",
      "note": "Library",
      "tags": []
    },
    {
      "text": "Մատիտ",
      "note": "",
      "tags": []
    },
    {
      "text": "Թուղթ",
      "note": "",
      "tags": []
    },
    {
      "text": "Պայուսակ",
      "note": "",
      "tags": []
    },
    {
      "text": "Դպրոց",
      "note": "",
      "tags": []
    },
    {
      "text": "Ընկերություն",
      "note": "",
      "tags": []
    },
    {
      "text": "Հիվանդանոց",
      "note": "",
      "tags": []
    },
    {
      "text": "Դեղատուն",
      "note": "",
      "tags": []
    },
    {
      "text": "Ռեստորան",
      "note": "",
      "tags": []
    },
    {
      "text": "Շուկա",
      "note": "Marketplace",
      "tags": []
    },
    {
      "text": "Մետրո",
      "note": "",
      "tags": []
    },
    {
      "text": "Ավտոբուս",
      "note": "",
      "tags": []
    },
    {
      "text": "Տաքսի",
      "note": "",
      "tags": []
    },
    {
      "text": "Ինքնաթիռ",
      "note": "",
      "tags": []
    },
    {
      "text": "Գնացք",
      "note": "",
      "tags": []
    },
    {
      "text": "Հեծանիվ",
      "note": "",
      "tags": []
    },
    {
      "text": "Ճանապարհ",
      "note": "Road",
      "tags": []
    },
    {
      "text": "Սար",
      "note": "",
      "tags": []
    },
    {
      "text": "Ծով",
      "note": "",
      "tags": []
    },
    {
      "text": "Գետ",
      "note": "",
      "tags": []
    },
    {
      "text": "Երկինք",
      "note": "",
      "tags": []
    },
    {
      "text": "Արև / Տարի",
      "note": "Sun / Year",
      "tags": []
    },
    {
      "text": "Լուսին",
      "note": "Satellite",
      "tags": []
    },
    {
      "text": "Աստղ",
      "note": "Celestial Body",
      "tags": []
    },
    {
      "text": "Ծառ",
      "note": "",
      "tags": []
    },
    {
      "text": "Ծաղիկ",
      "note": "",
      "tags": []
    },
    {
      "text": "Ձագ",
      "note": "",
      "tags": []
    },
    {
      "text": "Կատու",
      "note": "",
      "tags": []
    },
    {
      "text": "Փող",
      "note": "Cash",
      "tags": []
    },
    {
      "text": "Ժամանակ",
      "note": "",
      "tags": []
    },
    {
      "text": "Այսօր",
      "note": "",
      "tags": []
    },
    {
      "text": "Վաղը",
      "note": "",
      "tags": []
    },
    {
      "text": "Երեկ",
      "note": "",
      "tags": []
    },
    {
      "text": "Ընկեր",
      "note": "",
      "tags": []
    }
  ]
}