{
  "default_type": "sentence",
  "subject": "အခြေခံအသုံးအနှုန်းများနှင့် နေ့စဉ်သုံးဝါကျ ၅၀",
  "entries": [
    {
      "text": "မင်္ဂလာပါရှင်/ခင်ဗျာ။",
      "note": "ယဉ်ကျေးသော နှုတ်ဆက်ခွန်း",
      "form_type": "",
      "style": "",
      "tags": []
    },
    {
      "text": "တွေ့ရတာ ဝမ်းသာပါတယ်ရှင်/ခင်ဗျာ။",
      "note": "ပထမဆုံးတွေ့ဆုံခြင်း",
      "form_type": "",
      "style": "",
      "tags": []
    },
    {
      "text": "မတွေ့တာ ကြာပြီနော်။",
      "note": "ပြန်လည်တွေ့ဆုံခြင်း",
      "form_type": "",
      "style": "",
      "tags": []
    },
    {
      "text": "ကျေးဇူးအများကြီးတင်ပါတယ်ရှင်/ခင်ဗျာ။",
      "note": "ယဉ်ကျေးပျူငှာမှု",
      "form_type": "",
      "style": "",
      "tags": []
    },
    {
      "text": "တောင်းပန်ပါတယ်ရှင်/ခင်ဗျာ။",
      "note": "ယဉ်ကျေးပျူငှာမှု",
      "form_type": "",
      "style": "",
      "tags": []
    },
    {
      "text": "တစ်ဆိတ်လောက်ခင်ဗျာ/ရှင်။",
      "note": "အာရုံစိုက်စေရန်",
      "form_type": "",
      "style": "",
      "tags": []
    },
    {
      "text": "နေကောင်းရဲ့လားရှင်/ခင်ဗျာ။",
      "note": "နှုတ်ဆက်ခြင်း",
      "form_type": "",
      "style": "",
      "tags": []
    },
    {
      "text": "နေကောင်းပါတယ်၊ ကျေးဇူးတင်ပါတယ်။",
      "note": "",
      "form_type": "",
      "style": "",
      "tags": []
    },
    {
      "text": "နာမည် ဘယ်လိုခေါ်လဲရှင်/ခင်ဗျာ။",
      "note": "",
      "form_type": "",
      "style": "",
      "tags": []
    },
    {
      "text": "ကျွန်မ/ကျွန်တော့် နာမည်က ... ပါ။",
      "note": "",
      "form_type": "",
      "style": "",
      "tags": []
    },
    {
      "text": "ဘယ်က လာတာလဲရှင်/ခင်ဗျာ။",
      "note": "",
      "form_type": "",
      "style": "",
      "tags": []
    },
    {
      "text": "ကျွန်မ/ကျွန်တော် အမေရိကက လာတာပါ။",
      "note": "",
      "form_type": "",
      "style": "",
      "tags": []
    },
    {
      "text": "သွားပါဦးမယ်ရှင်/ခင်ဗျာ။",
      "note": "သွားမည့်သူက ပြောရန်",
      "form_type": "",
      "style": "",
      "tags": []
    },
    {
      "text": "ကောင်းကောင်းနေခဲ့ပါရှင်/ခင်ဗျာ။",
      "note": "ကျန်ခဲ့မည့်သူက ပြောရန်",
      "form_type": "",
      "style": "",
      "tags": []
    },
    {
      "text": "ဟုတ်ကဲ့ / အင်း။",
      "note": "အတည်ပြုခြင်း",
      "form_type": "",
      "style": "",
      "tags": []
    },
    {
      "text": "မဟုတ်တာ / မဟုတ်ပါဘူး။",
      "note": "ငြင်းဆိုခြင်း",
      "form_type": "",
      "style": "",
      "tags": []
    },
    {
      "text": "ဖြစ်နိုင်ပါတယ်။",
      "note": "ခန့်မှန်းချက်",
      "form_type": "",
      "style": "",
      "tags": []
    },
    {
      "text": "နားလည်ပါပြီ။",
      "note": "",
      "form_type": "",
      "style": "",
      "tags": []
    },
    {
      "text": "မသိပါဘူး။",
      "note": "",
      "form_type": "",
      "style": "",
      "tags": []
    },
    {
      "text": "ကူညီပေးပါဦးရှင်/ခင်ဗျာ။",
      "note": "",
      "form_type": "",
      "style": "",
      "tags": []
    },
    {
      "text": "ခဏလောက် စောင့်ပေးပါဦးရှင်/ခင်ဗျာ။",
      "note": "",
      "form_type": "",
      "style": "",
      "tags": []
    },
    {
      "text": "ဒါ ဘယ်လောက်လဲရှင်/ခင်ဗျာ။",
      "note": "ဈေးဝယ်ခြင်း",
      "form_type": "",
      "style": "",
      "tags": []
    },
    {
      "text": "အိမ်သာ ဘယ်မှာလဲရှင်/ခင်ဗျာ။",
      "note": "",
      "form_type": "",
      "style": "",
      "tags": []
    },
    {
      "text": "ဗိုက်ဆာနေပြီ။",
      "note": "",
      "form_type": "",
      "style": "",
      "tags": []
    },
    {
      "text": "ရေဆာနေပြီ။",
      "note": "",
      "form_type": "",
      "style": "",
      "tags": []
    },
    {
      "text": "ဒါ အရသာရှိသားပဲ။",
      "note": "",
      "form_type": "",
      "style": "",
      "tags": []
    },
    {
      "text": "ဒါကို ကြိုက်တယ်။",
      "note": "",
      "form_type": "",
      "style": "",
      "tags": []
    },
    {
      "text": "ရပါတယ် / ကိစ္စမရှိပါဘူး။",
      "note": "",
      "form_type": "",
      "style": "",
      "tags": []
    },
    {
      "text": "ကံကောင်းပါစေ။",
      "note": "",
      "form_type": "",
      "style": "",
      "tags": []
    },
    {
      "text": "အခု ဘယ်နှစ်နာရီထိုးပြီလဲ။",
      "note": "",
      "form_type": "",
      "style": "",
      "tags": []
    },
    {
      "text": "ဒီနေ့ ရာသီဥတု သာယာတယ်နော်။",
      "note": "",
      "form_type": "",
      "style": "",
      "tags": []
    },
    {
      "text": "ချမ်းလိုက်တာ။",
      "note": "",
      "form_type": "",
      "style": "",
      "tags": []
    },
    {
      "text": "ပူလိုက်တာ။",
      "note": "",
      "form_type": "",
      "style": "",
      "tags": []
    },
    {
      "text": "ပင်ပန်းနေပြီ။",
      "note": "",
      "form_type": "",
      "style": "",
      "tags": []
    },
    {
      "text": "ပျော်နေတယ်။",
      "note": "",
      "form_type": "",
      "style": "",
      "tags": []
    },
    {
      "text": "ဂုဏ်ယူပါတယ်။",
      "note": "",
      "form_type": "",
      "style": "",
      "tags": []
    },
    {
      "text": "မွေးနေ့မှာ ပျော်ရွှင်ပါစေ။",
      "note": "",
      "form_type": "",
      "style": "",
      "tags": []
    },
    {
      "text": "သာယာတဲ့နေ့လေး ဖြစ်ပါစေ။",
      "note": "",
      "form_type": "",
      "style": "",
      "tags": []
    },
    {
      "text": "မနက်ဖြန်မှ တွေ့မယ်နော်။",
      "note": "",
      "form_type": "",
      "style": "",
      "tags": []
    },
    {
      "text": "ကိုယ့်ကိုယ်ကို ဂရုစိုက်ပါ။",
      "note": "",
      "form_type": "",
      "style": "",
      "tags": []
    },
    {
      "text": "အင်္ဂလိပ်လို ပြောတတ်လားရှင်/ခင်ဗျာ။",
      "note": "",
      "form_type": "",
      "style": "",
      "tags": []
    },
    {
      "text": "ကိုရီးယားလို နည်းနည်းပဲ ပြောတတ်ပါတယ်။",
      "note": "",
      "form_type": "",
      "style": "",
      "tags": []
    },
    {
      "text": "ဖြည်းဖြည်းချင်း ပြောပေးပါရှင်/ခင်ဗျာ။",
      "note": "",
      "form_type": "",
      "style": "",
      "tags": []
    },
    {
      "text": "ဒါက ဘာကို ဆိုလိုတာလဲ။",
      "note": "",
      "form_type": "",
      "style": "",
      "tags": []
    },
    {
      "text": "ဒါကို ကိုရီးယားလို ဘယ်လိုခေါ်လဲ။",
      "note": "",
      "form_type": "",
      "style": "",
      "tags": []
    },
    {
      "text": "ချစ်တယ်။",
      "note": "",
      "form_type": "",
      "style": "",
      "tags": []
    },
    {
      "text": "စောင့်ပေးပါ။",
      "note": "",
      "form_type": "",
      "style": "",
      "tags": []
    },
    {
      "text": "ရပါတယ် / မလိုပါဘူး။",
      "note": "",
      "form_type": "",
      "style": "",
      "tags": []
    },
    {
      "text": "နေပါစေ၊ ကျေးဇူးတင်ပါတယ်။",
      "note": "",
      "form_type": "",
      "style": "",
      "tags": []
    },
    {
      "text": "မေးစရာတစ်ခု ရှိလို့ပါ။",
      "note": "",
      "form_type": "",
      "style": "",
      "tags": []
    }
  ]
}