{
  "default_type": "word",
  "subject": "100 મૂળભૂત ક્રિયાપદો",
  "pos": "verb",
  "entries": [
    {
      "text": "જવું",
      "note": "",
      "tags": []
    },
    {
      "text": "આવવું",
      "note": "",
      "tags": []
    },
    {
      "text": "ખાવું",
      "note": "",
      "tags": []
    },
    {
      "text": "પીવું",
      "note": "",
      "tags": []
    },
    {
      "text": "સૂવું",
      "note": "",
      "tags": []
    },
    {
      "text": "જોવું",
      "note": "",
      "tags": []
    },
    {
      "text": "ખરીદવું",
      "note": "",
      "tags": []
    },
    {
      "text": "વેચવું",
      "note": "",
      "tags": []
    },
    {
      "text": "વાંચવું",
      "note": "",
      "tags": []
    },
    {
      "text": "લખવું",
      "note": "લેખન",
      "tags": []
    },
    {
      "text": "સાંભળવું",
      "note": "",
      "tags": []
    },
    {
      "text": "બોલવું",
      "note": "",
      "tags": []
    },
    {
      "text": "કરવું",
      "note": "",
      "tags": []
    },
    {
      "text": "કામ કરવું",
      "note": "",
      "tags": []
    },
    {
      "text": "અભ્યાસ કરવો",
      "note": "",
      "tags": []
    },
    {
      "text": "શીખવવું",
      "note": "",
      "tags": []
    },
    {
      "text": "શીખવું",
      "note": "",
      "tags": []
    },
    {
      "text": "રાહ જોવી",
      "note": "",
      "tags": []
    },
    {
      "text": "મળવું",
      "note": "",
      "tags": []
    },
    {
      "text": "પ્રેમ કરવો",
      "note": "",
      "tags": []
    },
    {
      "text": "ગમવું",
      "note": "",
      "tags": []
    },
    {
      "text": "નફરત કરવી",
      "note": "",
      "tags": []
    },
    {
      "text": "હસવું",
      "note": "",
      "tags": []
    },
    {
      "text": "રડવું",
      "note": "",
      "tags": []
    },
    {
      "text": "ચાલવું",
      "note": "",
      "tags": []
    },
    {
      "text": "દોડવું",
      "note": "દોડવું",
      "tags": []
    },
    {
      "text": "બેસવું",
      "note": "",
      "tags": []
    },
    {
      "text": "ઊભા રહેવું",
      "note": "",
      "tags": []
    },
    {
      "text": "આપવું",
      "note": "",
      "tags": []
    },
    {
      "text": "મેળવવું",
      "note": "",
      "tags": []
    },
    {
      "text": "ખોલવું",
      "note": "",
      "tags": []
    },
    {
      "text": "બંધ કરવું",
      "note": "",
      "tags": []
    },
    {
      "text": "વિચારવું",
      "note": "",
      "tags": []
    },
    {
      "text": "જાણવું",
      "note": "",
      "tags": []
    },
    {
      "text": "ન જાણવું",
      "note": "",
      "tags": []
    },
    {
      "text": "શોધવું / મળવું",
      "note": "",
      "tags": []
    },
    {
      "text": "ખોવાઈ જવું",
      "note": "",
      "tags": []
    },
    {
      "text": "મદદ કરવી",
      "note": "",
      "tags": []
    },
    {
      "text": "ધોવું",
      "note": "",
      "tags": []
    },
    {
      "text": "રાંધવું",
      "note": "",
      "tags": []
    },
    {
      "text": "ગાવું",
      "note": "",
      "tags": []
    },
    {
      "text": "નાચવું",
      "note": "",
      "tags": []
    },
    {
      "text": "ઉપયોગ કરવો",
      "note": "",
      "tags": []
    },
    {
      "text": "બનાવવું",
      "note": "",
      "tags": []
    },
    {
      "text": "બોલાવવું / ગાવું",
      "note": "ગીત / નામ",
      "tags": []
    },
    {
      "text": "પકડવું",
      "note": "",
      "tags": []
    },
    {
      "text": "મૂકવું / છોડી દેવું",
      "note": "",
      "tags": []
    },
    {
      "text": "પ્રવેશ કરવો",
      "note": "",
      "tags": []
    },
    {
      "text": "બહાર જવું",
      "note": "",
      "tags": []
    },
    {
      "text": "ચઢવું",
      "note": "વાહન",
      "tags": []
    },
    {
      "text": "ઉતરવું",
      "note": "વાહન",
      "tags": []
    },
    {
      "text": "મોકલવું",
      "note": "",
      "tags": []
    },
    {
      "text": "જમા કરવું",
      "note": "જમા",
      "tags": []
    },
    {
      "text": "કેમ છો",
      "note": "શુભેચ્છા",
      "tags": []
    },
    {
      "text": "શરૂ કરવું",
      "note": "",
      "tags": []
    },
    {
      "text": "પૂરું કરવું",
      "note": "",
      "tags": []
    },
    {
      "text": "આરામ કરવો",
      "note": "આરામ",
      "tags": []
    },
    {
      "text": "પૂછવું",
      "note": "પ્રશ્ન",
      "tags": []
    },
    {
      "text": "જવાબ આપવો",
      "note": "",
      "tags": []
    },
    {
      "text": "વચન આપવું",
      "note": "",
      "tags": []
    },
    {
      "text": "ચિંતા કરવી",
      "note": "",
      "tags": []
    },
    {
      "text": "વિશ્વાસ કરવો",
      "note": "",
      "tags": []
    },
    {
      "text": "શંકા કરવી",
      "note": "",
      "tags": []
    },
    {
      "text": "ઈચ્છા / આશા રાખવી",
      "note": "આશા",
      "tags": []
    },
    {
      "text": "સ્વપ્ન જોવું",
      "note": "",
      "tags": []
    },
    {
      "text": "લડવું / ઝગડવું",
      "note": "",
      "tags": []
    },
    {
      "text": "જીતવું",
      "note": "",
      "tags": []
    },
    {
      "text": "હારવું",
      "note": "હાર",
      "tags": []
    },
    {
      "text": "વધવું",
      "note": "વૃદ્ધિ",
      "tags": []
    },
    {
      "text": "જીવવું / રહેવું",
      "note": "",
      "tags": []
    },
    {
      "text": "મરવું",
      "note": "",
      "tags": []
    },
    {
      "text": "ઉઠાવવું",
      "note": "",
      "tags": []
    },
    {
      "text": "ફેંકી દેવું",
      "note": "",
      "tags": []
    },
    {
      "text": "છુપાવવું",
      "note": "",
      "tags": []
    },
    {
      "text": "તપાસ કરવી",
      "note": "",
      "tags": []
    },
    {
      "text": "પસંદ કરવું",
      "note": "",
      "tags": []
    },
    {
      "text": "બદલવું",
      "note": "",
      "tags": []
    },
    {
      "text": "ઓર્ડર કરવો",
      "note": "વસ્તુઓની ખરીદી",
      "tags": []
    },
    {
      "text": "તૈયારી કરવી",
      "note": "",
      "tags": []
    },
    {
      "text": "પકડવું",
      "note": "",
      "tags": []
    },
    {
      "text": "ફેંકવું",
      "note": "",
      "tags": []
    },
    {
      "text": "ખેંચવું",
      "note": "",
      "tags": []
    },
    {
      "text": "ધકેલવું",
      "note": "",
      "tags": []
    },
    {
      "text": "સુધારવું",
      "note": "મરમ્મત",
      "tags": []
    },
    {
      "text": "તૂટવું",
      "note": "",
      "tags": []
    },
    {
      "text": "બીમાર હોવું / દુખવું",
      "note": "",
      "tags": []
    },
    {
      "text": "સારવાર કરવી",
      "note": "",
      "tags": []
    },
    {
      "text": "વ્યાયામ કરવો",
      "note": "",
      "tags": []
    },
    {
      "text": "તરવું",
      "note": "",
      "tags": []
    },
    {
      "text": "મુસાફરી કરવી",
      "note": "",
      "tags": []
    },
    {
      "text": "ગાડી ચલાવવી",
      "note": "",
      "tags": []
    },
    {
      "text": "સફાઈ કરવી",
      "note": "",
      "tags": []
    },
    {
      "text": "વાસણ માંજવા",
      "note": "",
      "tags": []
    },
    {
      "text": "કપડાં ધોવા",
      "note": "",
      "tags": []
    },
    {
      "text": "સ્નાન કરવું",
      "note": "",
      "tags": []
    },
    {
      "text": "બ્રશ કરવું",
      "note": "",
      "tags": []
    },
    {
      "text": "જાગવું / ઉઠવું",
      "note": "જાગવું",
      "tags": []
    },
    {
      "text": "સૂવા જવું",
      "note": "ઊંઘ",
      "tags": []
    },
    {
      "text": "સમજવું",
      "note": "",
      "tags": []
    },
    {
      "text": "યાદ રાખવું",
      "note": "",
      "tags": []
    }
  ]
}