{
  "default_type": "word",
  "subject": "50 שמות עצם בסיסיים",
  "pos": "noun",
  "entries": [
    {
      "text": "אני",
      "note": "",
      "tags": []
    },
    {
      "text": "אתה / את",
      "note": "",
      "tags": []
    },
    {
      "text": "זה",
      "note": "",
      "tags": []
    },
    {
      "text": "ההוא",
      "note": "",
      "tags": []
    },
    {
      "text": "מי",
      "note": "",
      "tags": []
    },
    {
      "text": "מה",
      "note": "",
      "tags": []
    },
    {
      "text": "איפה",
      "note": "",
      "tags": []
    },
    {
      "text": "מתי",
      "note": "",
      "tags": []
    },
    {
      "text": "למה",
      "note": "",
      "tags": []
    },
    {
      "text": "איך",
      "note": "",
      "tags": []
    },
    {
      "text": "אדם",
      "note": "",
      "tags": []
    },
    {
      "text": "חבר",
      "note": "",
      "tags": []
    },
    {
      "text": "משפחה",
      "note": "",
      "tags": []
    },
    {
      "text": "שם",
      "note": "",
      "tags": []
    },
    {
      "text": "בית",
      "note": "",
      "tags": []
    },
    {
      "text": "בית ספר",
      "note": "",
      "tags": []
    },
    {
      "text": "חברה",
      "note": "",
      "tags": []
    },
    {
      "text": "בית חולים",
      "note": "",
      "tags": []
    },
    {
      "text": "שוק",
      "note": "",
      "tags": []
    },
    {
      "text": "מסעדה",
      "note": "",
      "tags": []
    },
    {
      "text": "בית קפה",
      "note": "",
      "tags": []
    },
    {
      "text": "שירותים",
      "note": "",
      "tags": []
    },
    {
      "text": "ספר",
      "note": "",
      "tags": []
    },
    {
      "text": "מים",
      "note": "",
      "tags": []
    },
    {
      "text": "אוכל",
      "note": "",
      "tags": []
    },
    {
      "text": "כסף",
      "note": "",
      "tags": []
    },
    {
      "text": "בגדים",
      "note": "",
      "tags": []
    },
    {
      "text": "נעליים",
      "note": "",
      "tags": []
    },
    {
      "text": "תיק",
      "note": "",
      "tags": []
    },
    {
      "text": "שעון",
      "note": "",
      "tags": []
    },
    {
      "text": "טלפון",
      "note": "",
      "tags": []
    },
    {
      "text": "מחשב",
      "note": "",
      "tags": []
    },
    {
      "text": "מכונית",
      "note": "",
      "tags": []
    },
    {
      "text": "ירח",
      "note": "לבנה",
      "tags": []
    },
    {
      "text": "כוכב",
      "note": "חלל",
      "tags": []
    },
    {
      "text": "שמש",
      "note": "",
      "tags": []
    },
    {
      "text": "שמיים",
      "note": "",
      "tags": []
    },
    {
      "text": "ים",
      "note": "",
      "tags": []
    },
    {
      "text": "הר",
      "note": "",
      "tags": []
    },
    {
      "text": "פרח",
      "note": "",
      "tags": []
    },
    {
      "text": "עץ",
      "note": "",
      "tags": []
    },
    {
      "text": "כלב",
      "note": "",
      "tags": []
    },
    {
      "text": "חתול",
      "note": "",
      "tags": []
    },
    {
      "text": "היום",
      "note": "",
      "tags": []
    },
    {
      "text": "מחר",
      "note": "",
      "tags": []
    },
    {
      "text": "אתמול",
      "note": "",
      "tags": []
    },
    {
      "text": "עכשיו",
      "note": "",
      "tags": []
    },
    {
      "text": "זמן",
      "note": "",
      "tags": []
    },
    {
      "text": "יום",
      "note": "",
      "tags": []
    },
    {
      "text": "לילה",
      "note": "",
      "tags": []
    }
  ]
}