{
  "default_type": "word",
  "subject": "Nomino 50 za Msingi",
  "pos": "noun",
  "entries": [
    {
      "text": "mimi",
      "note": "",
      "tags": []
    },
    {
      "text": "wewe",
      "note": "",
      "tags": []
    },
    {
      "text": "hii",
      "note": "",
      "tags": []
    },
    {
      "text": "ile",
      "note": "",
      "tags": []
    },
    {
      "text": "nani",
      "note": "",
      "tags": []
    },
    {
      "text": "nini",
      "note": "",
      "tags": []
    },
    {
      "text": "wapi",
      "note": "",
      "tags": []
    },
    {
      "text": "lini",
      "note": "",
      "tags": []
    },
    {
      "text": "kwa nini",
      "note": "",
      "tags": []
    },
    {
      "text": "vipi",
      "note": "",
      "tags": []
    },
    {
      "text": "mtu",
      "note": "",
      "tags": []
    },
    {
      "text": "rafiki",
      "note": "",
      "tags": []
    },
    {
      "text": "familia",
      "note": "",
      "tags": []
    },
    {
      "text": "jina",
      "note": "",
      "tags": []
    },
    {
      "text": "nyumba",
      "note": "",
      "tags": []
    },
    {
      "text": "shule",
      "note": "",
      "tags": []
    },
    {
      "text": "kampuni",
      "note": "",
      "tags": []
    },
    {
      "text": "hospitali",
      "note": "",
      "tags": []
    },
    {
      "text": "soko",
      "note": "",
      "tags": []
    },
    {
      "text": "mkahawa",
      "note": "",
      "tags": []
    },
    {
      "text": "kafe",
      "note": "",
      "tags": []
    },
    {
      "text": "choo",
      "note": "",
      "tags": []
    },
    {
      "text": "kitabu",
      "note": "",
      "tags": []
    },
    {
      "text": "maji",
      "note": "",
      "tags": []
    },
    {
      "text": "chakula",
      "note": "",
      "tags": []
    },
    {
      "text": "pesa",
      "note": "",
      "tags": []
    },
    {
      "text": "nguo",
      "note": "",
      "tags": []
    },
    {
      "text": "viatu",
      "note": "",
      "tags": []
    },
    {
      "text": "fuko / begi",
      "note": "",
      "tags": []
    },
    {
      "text": "saa",
      "note": "",
      "tags": []
    },
    {
      "text": "simu",
      "note": "",
      "tags": []
    },
    {
      "text": "kompyuta",
      "note": "",
      "tags": []
    },
    {
      "text": "gari",
      "note": "",
      "tags": []
    },
    {
      "text": "mwezi",
      "note": "mwezi",
      "tags": []
    },
    {
      "text": "nyota",
      "note": "anga",
      "tags": []
    },
    {
      "text": "jua",
      "note": "",
      "tags": []
    },
    {
      "text": "mbingu",
      "note": "",
      "tags": []
    },
    {
      "text": "bahari",
      "note": "",
      "tags": []
    },
    {
      "text": "mlima",
      "note": "",
      "tags": []
    },
    {
      "text": "ua",
      "note": "",
      "tags": []
    },
    {
      "text": "mti",
      "note": "",
      "tags": []
    },
    {
      "text": "mbwa",
      "note": "",
      "tags": []
    },
    {
      "text": "paka",
      "note": "",
      "tags": []
    },
    {
      "text": "leo",
      "note": "",
      "tags": []
    },
    {
      "text": "kesho",
      "note": "",
      "tags": []
    },
    {
      "text": "jana",
      "note": "",
      "tags": []
    },
    {
      "text": "sasa",
      "note": "",
      "tags": []
    },
    {
      "text": "muda",
      "note": "",
      "tags": []
    },
    {
      "text": "mchana / siku",
      "note": "",
      "tags": []
    },
    {
      "text": "usiku",
      "note": "",
      "tags": []
    }
  ]
}