{
  "default_type": "word",
  "subject": "동사 1",
  "pos": "동사",
  "entries": [
    {
      "text": "가다",
      "note": "출발하다/이동하다",
      "tags": [
        "이동"
      ]
    },
    {
      "text": "오다",
      "note": "도착하다",
      "tags": [
        "이동"
      ]
    },
    {
      "text": "먹다",
      "note": "식사하다",
      "tags": [
        "일반",
        "음식"
      ]
    },
    {
      "text": "마시다",
      "note": "음료를 섭취하다",
      "tags": [
        "일반",
        "음료"
      ]
    },
    {
      "text": "자다",
      "note": "수면을 취하다",
      "tags": [
        "일반",
        "건강"
      ]
    },
    {
      "text": "보다",
      "note": "시청하다/관찰하다",
      "tags": [
        "감각",
        "일반"
      ]
    },
    {
      "text": "사다",
      "note": "구매하다",
      "tags": [
        "경제",
        "생활"
      ]
    },
    {
      "text": "팔다",
      "note": "판매하다",
      "tags": [
        "경제",
        "생활"
      ]
    },
    {
      "text": "읽다",
      "note": "글을 읽다",
      "tags": [
        "학습",
        "문화"
      ]
    },
    {
      "text": "쓰다",
      "note": "글을 적다",
      "tags": [
        "학습",
        "문화"
      ]
    },
    {
      "text": "듣다",
      "note": "소리를 듣다",
      "tags": [
        "감각",
        "일반"
      ]
    },
    {
      "text": "말하다",
      "note": "대화하다/이야기하다",
      "tags": [
        "대화",
        "언어"
      ]
    },
    {
      "text": "하다",
      "note": "행동하다/실행하다",
      "tags": [
        "일반"
      ]
    },
    {
      "text": "일하다",
      "note": "노동하다",
      "tags": [
        "업무",
        "생활"
      ]
    },
    {
      "text": "공부하다",
      "note": "학습하다",
      "tags": [
        "교육",
        "학습"
      ]
    },
    {
      "text": "가르치다",
      "note": "교육하다",
      "tags": [
        "교육",
        "사회"
      ]
    },
    {
      "text": "배우다",
      "note": "습득하다",
      "tags": [
        "교육",
        "사회"
      ]
    },
    {
      "text": "기다리다",
      "note": "대기하다",
      "tags": [
        "일반"
      ]
    },
    {
      "text": "만나다",
      "note": "조우하다/상봉하다",
      "tags": [
        "사회",
        "일반"
      ]
    },
    {
      "text": "사랑하다",
      "note": "애정을 갖다",
      "tags": [
        "감정"
      ]
    },
    {
      "text": "좋아하다",
      "note": "선호하다",
      "tags": [
        "감점"
      ]
    },
    {
      "text": "싫어하다",
      "note": "비선호하다",
      "tags": [
        "감정"
      ]
    },
    {
      "text": "웃다",
      "note": "미소 짓다",
      "tags": [
        "감정"
      ]
    },
    {
      "text": "울다",
      "note": "눈물을 흘리다",
      "tags": [
        "감정"
      ]
    },
    {
      "text": "걷다",
      "note": "보행하다",
      "tags": [
        "이동",
        "운동"
      ]
    },
    {
      "text": "뛰다",
      "note": "달리다",
      "tags": [
        "이동",
        "운동"
      ]
    },
    {
      "text": "앉다",
      "note": "착석하다",
      "tags": [
        "일반"
      ]
    },
    {
      "text": "서다",
      "note": "기립하다",
      "tags": [
        "일반"
      ]
    },
    {
      "text": "주다",
      "note": "제공하다",
      "tags": [
        "거래",
        "사회"
      ]
    },
    {
      "text": "받다",
      "note": "수령하다",
      "tags": [
        "거래",
        "사회"
      ]
    }
  ]
}