{
  "default_type": "word",
  "subject": "Oinarrizko izenak 50",
  "pos": "noun",
  "entries": [
    {
      "text": "Pertsona",
      "note": "",
      "tags": []
    },
    {
      "text": "Ura",
      "note": "Edaria ura",
      "tags": []
    },
    {
      "text": "Arroza / Otordua",
      "note": "Otordua",
      "tags": []
    },
    {
      "text": "Ogia",
      "note": "",
      "tags": []
    },
    {
      "text": "Sagarra",
      "note": "Fruta",
      "tags": []
    },
    {
      "text": "Esnea",
      "note": "",
      "tags": []
    },
    {
      "text": "Haragia",
      "note": "",
      "tags": []
    },
    {
      "text": "Arropa",
      "note": "",
      "tags": []
    },
    {
      "text": "Etxea",
      "note": "Etxebizitza",
      "tags": []
    },
    {
      "text": "Gela",
      "note": "",
      "tags": []
    },
    {
      "text": "Leihoa",
      "note": "",
      "tags": []
    },
    {
      "text": "Atea",
      "note": "Sarrera",
      "tags": []
    },
    {
      "text": "Mahaia",
      "note": "",
      "tags": []
    },
    {
      "text": "Aulkia",
      "note": "",
      "tags": []
    },
    {
      "text": "Ordenagailua",
      "note": "",
      "tags": []
    },
    {
      "text": "Telefonoa",
      "note": "",
      "tags": []
    },
    {
      "text": "Liburua",
      "note": "Liburutegia",
      "tags": []
    },
    {
      "text": "Arkatza",
      "note": "",
      "tags": []
    },
    {
      "text": "Papera",
      "note": "",
      "tags": []
    },
    {
      "text": "Poltsa",
      "note": "",
      "tags": []
    },
    {
      "text": "Eskola",
      "note": "",
      "tags": []
    },
    {
      "text": "Enpresa",
      "note": "",
      "tags": []
    },
    {
      "text": "Ospitalea",
      "note": "",
      "tags": []
    },
    {
      "text": "Farmacia",
      "note": "",
      "tags": []
    },
    {
      "text": "Restaurantea",
      "note": "",
      "tags": []
    },
    {
      "text": "Merkatua",
      "note": "Azoka",
      "tags": []
    },
    {
      "text": "Metroa",
      "note": "",
      "tags": []
    },
    {
      "text": "Autobusa",
      "note": "",
      "tags": []
    },
    {
      "text": "Taxia",
      "note": "",
      "tags": []
    },
    {
      "text": "Hegazkina",
      "note": "",
      "tags": []
    },
    {
      "text": "Trena",
      "note": "",
      "tags": []
    },
    {
      "text": "Bizikleta",
      "note": "",
      "tags": []
    },
    {
      "text": "Errepidea",
      "note": "Bidea",
      "tags": []
    },
    {
      "text": "Mendia",
      "note": "",
      "tags": []
    },
    {
      "text": "Itsasoa",
      "note": "",
      "tags": []
    },
    {
      "text": "Ertza",
      "note": "",
      "tags": []
    },
    {
      "text": "Zeru",
      "note": "",
      "tags": []
    },
    {
      "text": "Eguzkia / Urtea",
      "note": "Eguzkia / Urtea",
      "tags": []
    },
    {
      "text": "Ilargia",
      "note": "Satelitea",
      "tags": []
    },
    {
      "text": "Izarra",
      "note": "Zeruko Gorputza",
      "tags": []
    },
    {
      "text": "Zuhaitza",
      "note": "",
      "tags": []
    },
    {
      "text": "Lorea",
      "note": "",
      "tags": []
    },
    {
      "text": "Txakurkumea",
      "note": "",
      "tags": []
    },
    {
      "text": "Katua",
      "note": "",
      "tags": []
    },
    {
      "text": "Dirua",
      "note": "Eskudirua",
      "tags": []
    },
    {
      "text": "Denbora",
      "note": "",
      "tags": []
    },
    {
      "text": "Gaur",
      "note": "",
      "tags": []
    },
    {
      "text": "Bihar",
      "note": "",
      "tags": []
    },
    {
      "text": "Atzo",
      "note": "",
      "tags": []
    },
    {
      "text": "Laguna",
      "note": "",
      "tags": []
    }
  ]
}