{
  "default_type": "word",
  "subject": "Oinarrizko Aditzak 100",
  "pos": "verb",
  "entries": [
    {
      "text": "Joan",
      "note": "",
      "tags": []
    },
    {
      "text": "Etortzea",
      "note": "",
      "tags": []
    },
    {
      "text": "Jatea",
      "note": "",
      "tags": []
    },
    {
      "text": "Edatea",
      "note": "",
      "tags": []
    },
    {
      "text": "Lo egitea",
      "note": "",
      "tags": []
    },
    {
      "text": "Ikustea",
      "note": "",
      "tags": []
    },
    {
      "text": "Erostea",
      "note": "",
      "tags": []
    },
    {
      "text": "Saltzea",
      "note": "",
      "tags": []
    },
    {
      "text": "Irakurtzea",
      "note": "",
      "tags": []
    },
    {
      "text": "Idaztea",
      "note": "Writing",
      "tags": []
    },
    {
      "text": "Entzutea",
      "note": "",
      "tags": []
    },
    {
      "text": "Hitz egitea",
      "note": "",
      "tags": []
    },
    {
      "text": "Egitea",
      "note": "",
      "tags": []
    },
    {
      "text": "Lan egitea",
      "note": "",
      "tags": []
    },
    {
      "text": "Ikastea",
      "note": "",
      "tags": []
    },
    {
      "text": "Irakastea",
      "note": "",
      "tags": []
    },
    {
      "text": "Ikastea",
      "note": "",
      "tags": []
    },
    {
      "text": "Itxarotea",
      "note": "",
      "tags": []
    },
    {
      "text": "Elkartzea",
      "note": "",
      "tags": []
    },
    {
      "text": "Maitatzea",
      "note": "",
      "tags": []
    },
    {
      "text": "Gustatzea",
      "note": "",
      "tags": []
    },
    {
      "text": "Ez gustatzea",
      "note": "",
      "tags": []
    },
    {
      "text": "Barre egitea",
      "note": "",
      "tags": []
    },
    {
      "text": "Negar egitea",
      "note": "",
      "tags": []
    },
    {
      "text": "Oinez ibiltzea",
      "note": "",
      "tags": []
    },
    {
      "text": "Korrika egitea",
      "note": "Running",
      "tags": []
    },
    {
      "text": "Esertea",
      "note": "",
      "tags": []
    },
    {
      "text": "Zutik egotea",
      "note": "",
      "tags": []
    },
    {
      "text": "Ematzea",
      "note": "",
      "tags": []
    },
    {
      "text": "Jasotzea",
      "note": "",
      "tags": []
    },
    {
      "text": "Irekitea",
      "note": "",
      "tags": []
    },
    {
      "text": "Ixtea",
      "note": "",
      "tags": []
    },
    {
      "text": "Pentsatzea",
      "note": "",
      "tags": []
    },
    {
      "text": "Jakitzea",
      "note": "",
      "tags": []
    },
    {
      "text": "Ez jakitea",
      "note": "",
      "tags": []
    },
    {
      "text": "Aurkitzea",
      "note": "",
      "tags": []
    },
    {
      "text": "Galtzea",
      "note": "",
      "tags": []
    },
    {
      "text": "Laguntzea",
      "note": "",
      "tags": []
    },
    {
      "text": "Garbitzea",
      "note": "",
      "tags": []
    },
    {
      "text": "Sukaldatzea",
      "note": "",
      "tags": []
    },
    {
      "text": "Kantatzea",
      "note": "",
      "tags": []
    },
    {
      "text": "Dantzatzea",
      "note": "",
      "tags": []
    },
    {
      "text": "Erabiltzea",
      "note": "",
      "tags": []
    },
    {
      "text": "Egitea",
      "note": "",
      "tags": []
    },
    {
      "text": "Deitzea",
      "note": "Song / Name",
      "tags": []
    },
    {
      "text": "Harrapatzea / eustea",
      "note": "",
      "tags": []
    },
    {
      "text": "Jartzea / uztea",
      "note": "",
      "tags": []
    },
    {
      "text": "Sartzea",
      "note": "",
      "tags": []
    },
    {
      "text": "Irteera",
      "note": "",
      "tags": []
    },
    {
      "text": "Igotzea",
      "note": "Boarding",
      "tags": []
    },
    {
      "text": "Jaistea",
      "note": "Alighting",
      "tags": []
    },
    {
      "text": "Bidaltzea",
      "note": "",
      "tags": []
    },
    {
      "text": "Bidaltzea",
      "note": "Submission",
      "tags": []
    },
    {
      "text": "Elkarrekin moldatzea",
      "note": "Greetings",
      "tags": []
    },
    {
      "text": "Hasten",
      "note": "",
      "tags": []
    },
    {
      "text": "Amaitzea",
      "note": "",
      "tags": []
    },
    {
      "text": "Atseden hartzea",
      "note": "Relax",
      "tags": []
    },
    {
      "text": "Galdetzea",
      "note": "Question",
      "tags": []
    },
    {
      "text": "Erantzutea",
      "note": "",
      "tags": []
    },
    {
      "text": "Agintzea",
      "note": "",
      "tags": []
    },
    {
      "text": "Kezkatzea",
      "note": "",
      "tags": []
    },
    {
      "text": "Sinestea",
      "note": "",
      "tags": []
    },
    {
      "text": "Zalantzan jartzea",
      "note": "",
      "tags": []
    },
    {
      "text": "Desiratzea / espero izatea",
      "note": "Hope",
      "tags": []
    },
    {
      "text": "Amets egitea",
      "note": "",
      "tags": []
    },
    {
      "text": "Borrokatzea",
      "note": "",
      "tags": []
    },
    {
      "text": "Irabaztea",
      "note": "",
      "tags": []
    },
    {
      "text": "Galtzea",
      "note": "Defeat",
      "tags": []
    },
    {
      "text": "Haztea",
      "note": "Growth",
      "tags": []
    },
    {
      "text": "Bizitzea",
      "note": "",
      "tags": []
    },
    {
      "text": "Hiltzea",
      "note": "",
      "tags": []
    },
    {
      "text": "Hartzea",
      "note": "",
      "tags": []
    },
    {
      "text": "Botatzea",
      "note": "",
      "tags": []
    },
    {
      "text": "Ezkutatzea",
      "note": "",
      "tags": []
    },
    {
      "text": "Bilatzea",
      "note": "",
      "tags": []
    },
    {
      "text": "Hautatzea",
      "note": "",
      "tags": []
    },
    {
      "text": "Aldatzea",
      "note": "",
      "tags": []
    },
    {
      "text": "Eskaera egitea",
      "note": "Buying items",
      "tags": []
    },
    {
      "text": "Prestatzea",
      "note": "",
      "tags": []
    },
    {
      "text": "Harrapatzea",
      "note": "",
      "tags": []
    },
    {
      "text": "Botatzea",
      "note": "",
      "tags": []
    },
    {
      "text": "Tiratzea",
      "note": "",
      "tags": []
    },
    {
      "text": "Bultzatzea",
      "note": "",
      "tags": []
    },
    {
      "text": "Konpontzea / berritzea",
      "note": "Repair",
      "tags": []
    },
    {
      "text": "Hautsitzea",
      "note": "",
      "tags": []
    },
    {
      "text": "Gaixotzea / zauritzea",
      "note": "",
      "tags": []
    },
    {
      "text": "Tratatzea / sendatzea",
      "note": "",
      "tags": []
    },
    {
      "text": "Ariketa fisikoa egitea",
      "note": "",
      "tags": []
    },
    {
      "text": "Igerian egitea",
      "note": "",
      "tags": []
    },
    {
      "text": "Bidaiatzea",
      "note": "",
      "tags": []
    },
    {
      "text": "Gidatzea",
      "note": "",
      "tags": []
    },
    {
      "text": "Garbitzea",
      "note": "",
      "tags": []
    },
    {
      "text": "Platerak garbitzea",
      "note": "",
      "tags": []
    },
    {
      "text": "Arropa garbitzea",
      "note": "",
      "tags": []
    },
    {
      "text": "Dutxatzea",
      "note": "",
      "tags": []
    },
    {
      "text": "Hortzak garbitzea",
      "note": "",
      "tags": []
    },
    {
      "text": "Esnatzea",
      "note": "Wake up",
      "tags": []
    },
    {
      "text": "Ohera joatea",
      "note": "Sleeping",
      "tags": []
    },
    {
      "text": "Ulertzea",
      "note": "",
      "tags": []
    },
    {
      "text": "Gogoratzea",
      "note": "",
      "tags": []
    }
  ]
}