{
  "default_type": "sentence",
  "subject": "ძირითადი მისალმებები და ყოველდღიური ფრაზები 50",
  "entries": [
    {
      "text": "გამარჯობა.",
      "note": "Polite greeting",
      "form_type": "",
      "style": "",
      "tags": []
    },
    {
      "text": "სასიამოვნოა თქვენი გაცნობა.",
      "note": "First meeting",
      "form_type": "",
      "style": "",
      "tags": []
    },
    {
      "text": "დიდი ხანია არ მინახიხართ.",
      "note": "Reunion",
      "form_type": "",
      "style": "",
      "tags": []
    },
    {
      "text": "გმადლობთ.",
      "note": "Formal",
      "form_type": "",
      "style": "",
      "tags": []
    },
    {
      "text": "უკაცრავად.",
      "note": "Formal",
      "form_type": "",
      "style": "",
      "tags": []
    },
    {
      "text": "ბოდიში.",
      "note": "Attention",
      "form_type": "",
      "style": "",
      "tags": []
    },
    {
      "text": "როგორ ხართ?",
      "note": "Greetings",
      "form_type": "",
      "style": "",
      "tags": []
    },
    {
      "text": "კარგად ვარ, გმადლობთ.",
      "note": "",
      "form_type": "",
      "style": "",
      "tags": []
    },
    {
      "text": "რა გქვიათ?",
      "note": "",
      "form_type": "",
      "style": "",
      "tags": []
    },
    {
      "text": "მე მქვია...",
      "note": "",
      "form_type": "",
      "style": "",
      "tags": []
    },
    {
      "text": "საიდან ხართ?",
      "note": "",
      "form_type": "",
      "style": "",
      "tags": []
    },
    {
      "text": "ამერიკიდან ვარ.",
      "note": "",
      "form_type": "",
      "style": "",
      "tags": []
    },
    {
      "text": "ნახვამდის.",
      "note": "To someone leaving",
      "form_type": "",
      "style": "",
      "tags": []
    },
    {
      "text": "კარგად იყავით.",
      "note": "To someone staying",
      "form_type": "",
      "style": "",
      "tags": []
    },
    {
      "text": "კი.",
      "note": "Positive",
      "form_type": "",
      "style": "",
      "tags": []
    },
    {
      "text": "არა.",
      "note": "Negative",
      "form_type": "",
      "style": "",
      "tags": []
    },
    {
      "text": "შესაძლოა.",
      "note": "Guess",
      "form_type": "",
      "style": "",
      "tags": []
    },
    {
      "text": "მესმის.",
      "note": "",
      "form_type": "",
      "style": "",
      "tags": []
    },
    {
      "text": "არ ვიცი.",
      "note": "",
      "form_type": "",
      "style": "",
      "tags": []
    },
    {
      "text": "გთხოვთ დამეხმარეთ.",
      "note": "",
      "form_type": "",
      "style": "",
      "tags": []
    },
    {
      "text": "ერთი წუთით, გთხოვთ.",
      "note": "",
      "form_type": "",
      "style": "",
      "tags": []
    },
    {
      "text": "რა ღირს ეს?",
      "note": "Shopping",
      "form_type": "",
      "style": "",
      "tags": []
    },
    {
      "text": "სად არის ტუალეტი?",
      "note": "",
      "form_type": "",
      "style": "",
      "tags": []
    },
    {
      "text": "მშია.",
      "note": "",
      "form_type": "",
      "style": "",
      "tags": []
    },
    {
      "text": "მწყურია.",
      "note": "",
      "form_type": "",
      "style": "",
      "tags": []
    },
    {
      "text": "ძალიან გემრიელია.",
      "note": "",
      "form_type": "",
      "style": "",
      "tags": []
    },
    {
      "text": "ეს მომწონს.",
      "note": "",
      "form_type": "",
      "style": "",
      "tags": []
    },
    {
      "text": "კარგადაა.",
      "note": "",
      "form_type": "",
      "style": "",
      "tags": []
    },
    {
      "text": "წარმატებები.",
      "note": "",
      "form_type": "",
      "style": "",
      "tags": []
    },
    {
      "text": "რომელი საათია ახლა?",
      "note": "",
      "form_type": "",
      "style": "",
      "tags": []
    },
    {
      "text": "დღეს კარგი ამინდია.",
      "note": "",
      "form_type": "",
      "style": "",
      "tags": []
    },
    {
      "text": "ცივა.",
      "note": "",
      "form_type": "",
      "style": "",
      "tags": []
    },
    {
      "text": "ცხელა.",
      "note": "",
      "form_type": "",
      "style": "",
      "tags": []
    },
    {
      "text": "დავიღალე.",
      "note": "",
      "form_type": "",
      "style": "",
      "tags": []
    },
    {
      "text": "ბედნიერი ვარ.",
      "note": "",
      "form_type": "",
      "style": "",
      "tags": []
    },
    {
      "text": "გილოცავთ.",
      "note": "",
      "form_type": "",
      "style": "",
      "tags": []
    },
    {
      "text": "გილოცავ დაბადების დღეს.",
      "note": "",
      "form_type": "",
      "style": "",
      "tags": []
    },
    {
      "text": "კარგ დღეს გისურვებთ.",
      "note": "",
      "form_type": "",
      "style": "",
      "tags": []
    },
    {
      "text": "ხვალამდე.",
      "note": "",
      "form_type": "",
      "style": "",
      "tags": []
    },
    {
      "text": "ფრთხილად იყავი.",
      "note": "",
      "form_type": "",
      "style": "",
      "tags": []
    },
    {
      "text": "შეგიძლიათ ინგლისურად საუბარი?",
      "note": "",
      "form_type": "",
      "style": "",
      "tags": []
    },
    {
      "text": "ცოტა კორეულის ლაპარაკი თუ შემიძლია.",
      "note": "",
      "form_type": "",
      "style": "",
      "tags": []
    },
    {
      "text": "გთხოვთ, ნელა ილაპარაკეთ.",
      "note": "",
      "form_type": "",
      "style": "",
      "tags": []
    },
    {
      "text": "რას ნიშნავს ეს?",
      "note": "",
      "form_type": "",
      "style": "",
      "tags": []
    },
    {
      "text": "როგორ ამბობთ ამას კორეულად?",
      "note": "",
      "form_type": "",
      "style": "",
      "tags": []
    },
    {
      "text": "მიყვარხარ.",
      "note": "",
      "form_type": "",
      "style": "",
      "tags": []
    },
    {
      "text": "გთხოვთ, მოიცადოთ.",
      "note": "",
      "form_type": "",
      "style": "",
      "tags": []
    },
    {
      "text": "არაფერს.",
      "note": "",
      "form_type": "",
      "style": "",
      "tags": []
    },
    {
      "text": "არა, ყველაფერი კარგადაა.",
      "note": "",
      "form_type": "",
      "style": "",
      "tags": []
    },
    {
      "text": "მაქვს შეკითხვა.",
      "note": "",
      "form_type": "",
      "style": "",
      "tags": []
    }
  ]
}