{
  "default_type": "word",
  "subject": "Basisnaamwoorden 50",
  "pos": "noun",
  "entries": [
    {
      "text": "Persoon",
      "note": "",
      "tags": []
    },
    {
      "text": "Water",
      "note": "Drinkwater",
      "tags": []
    },
    {
      "text": "Eten / Rijst",
      "note": "Maaltijd",
      "tags": []
    },
    {
      "text": "Brood",
      "note": "",
      "tags": []
    },
    {
      "text": "Appel",
      "note": "Vrucht",
      "tags": []
    },
    {
      "text": "Melk",
      "note": "",
      "tags": []
    },
    {
      "text": "Vlees",
      "note": "",
      "tags": []
    },
    {
      "text": "Kleding",
      "note": "",
      "tags": []
    },
    {
      "text": "Huis",
      "note": "Woning",
      "tags": []
    },
    {
      "text": "Kamer",
      "note": "",
      "tags": []
    },
    {
      "text": "Raam",
      "note": "",
      "tags": []
    },
    {
      "text": "Deur",
      "note": "Ingang",
      "tags": []
    },
    {
      "text": "Bureau",
      "note": "",
      "tags": []
    },
    {
      "text": "Stoel",
      "note": "",
      "tags": []
    },
    {
      "text": "Computer",
      "note": "",
      "tags": []
    },
    {
      "text": "Telefoon",
      "note": "",
      "tags": []
    },
    {
      "text": "Boek",
      "note": "Boek",
      "tags": []
    },
    {
      "text": "Potlood",
      "note": "",
      "tags": []
    },
    {
      "text": "Papier",
      "note": "",
      "tags": []
    },
    {
      "text": "Tas",
      "note": "",
      "tags": []
    },
    {
      "text": "School",
      "note": "",
      "tags": []
    },
    {
      "text": "Bedrijf",
      "note": "",
      "tags": []
    },
    {
      "text": "Ziekenhuis",
      "note": "",
      "tags": []
    },
    {
      "text": "Apotheek",
      "note": "",
      "tags": []
    },
    {
      "text": "Restaurant",
      "note": "",
      "tags": []
    },
    {
      "text": "Markt",
      "note": "Markt",
      "tags": []
    },
    {
      "text": "Metro",
      "note": "",
      "tags": []
    },
    {
      "text": "Bus",
      "note": "",
      "tags": []
    },
    {
      "text": "Taxi",
      "note": "",
      "tags": []
    },
    {
      "text": "Vliegtuig",
      "note": "",
      "tags": []
    },
    {
      "text": "Trein",
      "note": "",
      "tags": []
    },
    {
      "text": "Fiets",
      "note": "",
      "tags": []
    },
    {
      "text": "Weg",
      "note": "Weg",
      "tags": []
    },
    {
      "text": "Berg",
      "note": "",
      "tags": []
    },
    {
      "text": "Zee",
      "note": "",
      "tags": []
    },
    {
      "text": "Rivier",
      "note": "",
      "tags": []
    },
    {
      "text": "Hemel",
      "note": "",
      "tags": []
    },
    {
      "text": "Zon / Jaar",
      "note": "Zon / Jaar",
      "tags": []
    },
    {
      "text": "Maan",
      "note": "Satelliet",
      "tags": []
    },
    {
      "text": "Ster",
      "note": "Hemellichaam",
      "tags": []
    },
    {
      "text": "Boom",
      "note": "",
      "tags": []
    },
    {
      "text": "Bloem",
      "note": "",
      "tags": []
    },
    {
      "text": "Puppy",
      "note": "",
      "tags": []
    },
    {
      "text": "Kat",
      "note": "",
      "tags": []
    },
    {
      "text": "Geld",
      "note": "Contant geld",
      "tags": []
    },
    {
      "text": "Tijd",
      "note": "",
      "tags": []
    },
    {
      "text": "Vandaag",
      "note": "",
      "tags": []
    },
    {
      "text": "Morgen",
      "note": "",
      "tags": []
    },
    {
      "text": "Gisteren",
      "note": "",
      "tags": []
    },
    {
      "text": "Vriend",
      "note": "",
      "tags": []
    }
  ]
}