{
  "default_type": "word",
  "subject": "Emra themelorë 50",
  "pos": "noun",
  "entries": [
    {
      "text": "Person",
      "note": "",
      "tags": []
    },
    {
      "text": "Ujë",
      "note": "Ujë për të pirë",
      "tags": []
    },
    {
      "text": "Oriz / Vakt",
      "note": "Vakt",
      "tags": []
    },
    {
      "text": "Bukë",
      "note": "",
      "tags": []
    },
    {
      "text": "Mollë",
      "note": "Fruta",
      "tags": []
    },
    {
      "text": "Qumësht",
      "note": "",
      "tags": []
    },
    {
      "text": "Mish",
      "note": "",
      "tags": []
    },
    {
      "text": "Rroba",
      "note": "",
      "tags": []
    },
    {
      "text": "Shtëpi",
      "note": "Banesë",
      "tags": []
    },
    {
      "text": "Dhomë",
      "note": "",
      "tags": []
    },
    {
      "text": "Dritare",
      "note": "",
      "tags": []
    },
    {
      "text": "Derë",
      "note": "Hyrje",
      "tags": []
    },
    {
      "text": "Tavolinë",
      "note": "",
      "tags": []
    },
    {
      "text": "Karrige",
      "note": "",
      "tags": []
    },
    {
      "text": "Kompjuter",
      "note": "",
      "tags": []
    },
    {
      "text": "Telefon",
      "note": "",
      "tags": []
    },
    {
      "text": "Libër",
      "note": "Bibliotekë",
      "tags": []
    },
    {
      "text": "Laps",
      "note": "",
      "tags": []
    },
    {
      "text": "Letër",
      "note": "",
      "tags": []
    },
    {
      "text": "Çantë",
      "note": "",
      "tags": []
    },
    {
      "text": "Shkollë",
      "note": "",
      "tags": []
    },
    {
      "text": "Kompani",
      "note": "",
      "tags": []
    },
    {
      "text": "Spital",
      "note": "",
      "tags": []
    },
    {
      "text": "Farmaci",
      "note": "",
      "tags": []
    },
    {
      "text": "Restorant",
      "note": "",
      "tags": []
    },
    {
      "text": "Treg",
      "note": "Vend tregu",
      "tags": []
    },
    {
      "text": "Metro",
      "note": "",
      "tags": []
    },
    {
      "text": "Autobus",
      "note": "",
      "tags": []
    },
    {
      "text": "Taksi",
      "note": "",
      "tags": []
    },
    {
      "text": "Aeroplan",
      "note": "",
      "tags": []
    },
    {
      "text": "Tren",
      "note": "",
      "tags": []
    },
    {
      "text": "Biçikletë",
      "note": "",
      "tags": []
    },
    {
      "text": "Rrugë",
      "note": "Rrugë",
      "tags": []
    },
    {
      "text": "Mal",
      "note": "",
      "tags": []
    },
    {
      "text": "Det",
      "note": "",
      "tags": []
    },
    {
      "text": "Lumë",
      "note": "",
      "tags": []
    },
    {
      "text": "Qiell",
      "note": "",
      "tags": []
    },
    {
      "text": "Diell / Vit",
      "note": "Diell / Vit",
      "tags": []
    },
    {
      "text": "Hënë",
      "note": "Satelit",
      "tags": []
    },
    {
      "text": "Yll",
      "note": "Trupi qiellor",
      "tags": []
    },
    {
      "text": "Pemë",
      "note": "",
      "tags": []
    },
    {
      "text": "Lule",
      "note": "",
      "tags": []
    },
    {
      "text": "Këlysh",
      "note": "",
      "tags": []
    },
    {
      "text": "Mace",
      "note": "",
      "tags": []
    },
    {
      "text": "Para",
      "note": "Para në dorë",
      "tags": []
    },
    {
      "text": "Kohë",
      "note": "",
      "tags": []
    },
    {
      "text": "Sot",
      "note": "",
      "tags": []
    },
    {
      "text": "Nesër",
      "note": "",
      "tags": []
    },
    {
      "text": "Dje",
      "note": "",
      "tags": []
    },
    {
      "text": "Mik",
      "note": "",
      "tags": []
    }
  ]
}