{
  "default_type": "word",
  "subject": "50 መሠረታዊ ስሞች",
  "pos": "noun",
  "entries": [
    {
      "text": "እኔ",
      "note": "",
      "tags": []
    },
    {
      "text": "አንተ / አንቺ",
      "note": "",
      "tags": []
    },
    {
      "text": "ይህ",
      "note": "",
      "tags": []
    },
    {
      "text": "ያ",
      "note": "",
      "tags": []
    },
    {
      "text": "ማን",
      "note": "",
      "tags": []
    },
    {
      "text": "ምን",
      "note": "",
      "tags": []
    },
    {
      "text": "የት",
      "note": "",
      "tags": []
    },
    {
      "text": "መቼ",
      "note": "",
      "tags": []
    },
    {
      "text": "ለምን",
      "note": "",
      "tags": []
    },
    {
      "text": "እንዴት",
      "note": "",
      "tags": []
    },
    {
      "text": "ሰው",
      "note": "",
      "tags": []
    },
    {
      "text": "ጓደኛ",
      "note": "",
      "tags": []
    },
    {
      "text": "ቤተሰብ",
      "note": "",
      "tags": []
    },
    {
      "text": "ስም",
      "note": "",
      "tags": []
    },
    {
      "text": "ቤት",
      "note": "",
      "tags": []
    },
    {
      "text": "ትምህርት ቤት",
      "note": "",
      "tags": []
    },
    {
      "text": "ኩባንያ",
      "note": "",
      "tags": []
    },
    {
      "text": "ሆስፒታል",
      "note": "",
      "tags": []
    },
    {
      "text": "ገበያ",
      "note": "",
      "tags": []
    },
    {
      "text": "ምግብ ቤት",
      "note": "",
      "tags": []
    },
    {
      "text": "ካፌ",
      "note": "",
      "tags": []
    },
    {
      "text": "መጸዳጃ ቤት",
      "note": "",
      "tags": []
    },
    {
      "text": "መጽሐፍ",
      "note": "",
      "tags": []
    },
    {
      "text": "ውሃ",
      "note": "",
      "tags": []
    },
    {
      "text": "ምግብ",
      "note": "",
      "tags": []
    },
    {
      "text": "ገንዘብ",
      "note": "",
      "tags": []
    },
    {
      "text": "ልብስ",
      "note": "",
      "tags": []
    },
    {
      "text": "ጫማ",
      "note": "",
      "tags": []
    },
    {
      "text": "ቦርሳ",
      "note": "",
      "tags": []
    },
    {
      "text": "ሰዓት",
      "note": "",
      "tags": []
    },
    {
      "text": "ስልክ",
      "note": "",
      "tags": []
    },
    {
      "text": "ኮምፒውተር",
      "note": "",
      "tags": []
    },
    {
      "text": "መኪና",
      "note": "",
      "tags": []
    },
    {
      "text": "ጨረቃ",
      "note": "ጨረቃ",
      "tags": []
    },
    {
      "text": "ኮከብ",
      "note": "ህዋ",
      "tags": []
    },
    {
      "text": "ፀሐይ",
      "note": "",
      "tags": []
    },
    {
      "text": "ሰማይ",
      "note": "",
      "tags": []
    },
    {
      "text": "ባሕር",
      "note": "",
      "tags": []
    },
    {
      "text": "ተራራ",
      "note": "",
      "tags": []
    },
    {
      "text": "አበባ",
      "note": "",
      "tags": []
    },
    {
      "text": "ዛፍ",
      "note": "",
      "tags": []
    },
    {
      "text": "ውሻ",
      "note": "",
      "tags": []
    },
    {
      "text": "ድመት",
      "note": "",
      "tags": []
    },
    {
      "text": "ዛሬ",
      "note": "",
      "tags": []
    },
    {
      "text": "ነገ",
      "note": "",
      "tags": []
    },
    {
      "text": "ትላንት",
      "note": "",
      "tags": []
    },
    {
      "text": "አሁን",
      "note": "",
      "tags": []
    },
    {
      "text": "ጊዜ",
      "note": "",
      "tags": []
    },
    {
      "text": "ቀን",
      "note": "",
      "tags": []
    },
    {
      "text": "ሌሊት",
      "note": "",
      "tags": []
    }
  ]
}