{
  "default_type": "sentence",
  "subject": "Osnovni pozdravi in vsakodnevni stavki 50",
  "entries": [
    {
      "text": "Živjo.",
      "note": "Polite greeting",
      "form_type": "",
      "style": "",
      "tags": []
    },
    {
      "text": "Lepo te je spoznati.",
      "note": "First meeting",
      "form_type": "",
      "style": "",
      "tags": []
    },
    {
      "text": "Že dolgo se nisva videla.",
      "note": "Reunion",
      "form_type": "",
      "style": "",
      "tags": []
    },
    {
      "text": "Hvala vam.",
      "note": "Formal",
      "form_type": "",
      "style": "",
      "tags": []
    },
    {
      "text": "Žal mi je.",
      "note": "Formal",
      "form_type": "",
      "style": "",
      "tags": []
    },
    {
      "text": "Oprostite.",
      "note": "Attention",
      "form_type": "",
      "style": "",
      "tags": []
    },
    {
      "text": "Kako si?",
      "note": "Greetings",
      "form_type": "",
      "style": "",
      "tags": []
    },
    {
      "text": "Dobro sem, hvala.",
      "note": "",
      "form_type": "",
      "style": "",
      "tags": []
    },
    {
      "text": "Kako ti je ime?",
      "note": "",
      "form_type": "",
      "style": "",
      "tags": []
    },
    {
      "text": "Moje ime je ...",
      "note": "",
      "form_type": "",
      "style": "",
      "tags": []
    },
    {
      "text": "Od kod si?",
      "note": "",
      "form_type": "",
      "style": "",
      "tags": []
    },
    {
      "text": "Jaz sem iz Amerike.",
      "note": "",
      "form_type": "",
      "style": "",
      "tags": []
    },
    {
      "text": "Adijo.",
      "note": "To someone leaving",
      "form_type": "",
      "style": "",
      "tags": []
    },
    {
      "text": "Adijo.",
      "note": "To someone staying",
      "form_type": "",
      "style": "",
      "tags": []
    },
    {
      "text": "Da.",
      "note": "Positive",
      "form_type": "",
      "style": "",
      "tags": []
    },
    {
      "text": "Ne.",
      "note": "Negative",
      "form_type": "",
      "style": "",
      "tags": []
    },
    {
      "text": "Morda.",
      "note": "Guess",
      "form_type": "",
      "style": "",
      "tags": []
    },
    {
      "text": "Razumem.",
      "note": "",
      "form_type": "",
      "style": "",
      "tags": []
    },
    {
      "text": "Ne vem.",
      "note": "",
      "form_type": "",
      "style": "",
      "tags": []
    },
    {
      "text": "Prosim, pomagaj mi.",
      "note": "",
      "form_type": "",
      "style": "",
      "tags": []
    },
    {
      "text": "Samo trenutek, prosim.",
      "note": "",
      "form_type": "",
      "style": "",
      "tags": []
    },
    {
      "text": "Koliko to stane?",
      "note": "Shopping",
      "form_type": "",
      "style": "",
      "tags": []
    },
    {
      "text": "Kje je stranišče?",
      "note": "",
      "form_type": "",
      "style": "",
      "tags": []
    },
    {
      "text": "Lačen sem.",
      "note": "",
      "form_type": "",
      "style": "",
      "tags": []
    },
    {
      "text": "Žejen sem.",
      "note": "",
      "form_type": "",
      "style": "",
      "tags": []
    },
    {
      "text": "Okusno je.",
      "note": "",
      "form_type": "",
      "style": "",
      "tags": []
    },
    {
      "text": "Všeč mi je.",
      "note": "",
      "form_type": "",
      "style": "",
      "tags": []
    },
    {
      "text": "V redu je.",
      "note": "",
      "form_type": "",
      "style": "",
      "tags": []
    },
    {
      "text": "Srečno.",
      "note": "",
      "form_type": "",
      "style": "",
      "tags": []
    },
    {
      "text": "Koliko je ura?",
      "note": "",
      "form_type": "",
      "style": "",
      "tags": []
    },
    {
      "text": "Danes je lepo vreme.",
      "note": "",
      "form_type": "",
      "style": "",
      "tags": []
    },
    {
      "text": "Zebe me.",
      "note": "",
      "form_type": "",
      "style": "",
      "tags": []
    },
    {
      "text": "Vroče mi je.",
      "note": "",
      "form_type": "",
      "style": "",
      "tags": []
    },
    {
      "text": "Utrujen sem.",
      "note": "",
      "form_type": "",
      "style": "",
      "tags": []
    },
    {
      "text": "Vesel sem.",
      "note": "",
      "form_type": "",
      "style": "",
      "tags": []
    },
    {
      "text": "Čestitam.",
      "note": "",
      "form_type": "",
      "style": "",
      "tags": []
    },
    {
      "text": "Vse najboljše za rojstni dan.",
      "note": "",
      "form_type": "",
      "style": "",
      "tags": []
    },
    {
      "text": "Imejte lep dan.",
      "note": "",
      "form_type": "",
      "style": "",
      "tags": []
    },
    {
      "text": "Se vidimo jutri.",
      "note": "",
      "form_type": "",
      "style": "",
      "tags": []
    },
    {
      "text": "Imej se lepo.",
      "note": "",
      "form_type": "",
      "style": "",
      "tags": []
    },
    {
      "text": "Ali govorite angleško?",
      "note": "",
      "form_type": "",
      "style": "",
      "tags": []
    },
    {
      "text": "Govorim samo malo korejsko.",
      "note": "",
      "form_type": "",
      "style": "",
      "tags": []
    },
    {
      "text": "Prosim, govorite počasi.",
      "note": "",
      "form_type": "",
      "style": "",
      "tags": []
    },
    {
      "text": "Kaj to pomeni?",
      "note": "",
      "form_type": "",
      "style": "",
      "tags": []
    },
    {
      "text": "Kako se temu reče v korejščini?",
      "note": "",
      "form_type": "",
      "style": "",
      "tags": []
    },
    {
      "text": "Ljubim te.",
      "note": "",
      "form_type": "",
      "style": "",
      "tags": []
    },
    {
      "text": "Prosim, počakajte.",
      "note": "",
      "form_type": "",
      "style": "",
      "tags": []
    },
    {
      "text": "Ni za kaj.",
      "note": "",
      "form_type": "",
      "style": "",
      "tags": []
    },
    {
      "text": "Ne, v redu je.",
      "note": "",
      "form_type": "",
      "style": "",
      "tags": []
    },
    {
      "text": "Imam vprašanje.",
      "note": "",
      "form_type": "",
      "style": "",
      "tags": []
    }
  ]
}