{
  "default_type": "sentence",
  "subject": "Einföld kveðja og daglegar setningar 50",
  "entries": [
    {
      "text": "Halló.",
      "note": "Polite greeting",
      "form_type": "",
      "style": "",
      "tags": []
    },
    {
      "text": "Gaman að kynnast þér.",
      "note": "First meeting",
      "form_type": "",
      "style": "",
      "tags": []
    },
    {
      "text": "Lengi séð.",
      "note": "Reunion",
      "form_type": "",
      "style": "",
      "tags": []
    },
    {
      "text": "Takk fyrir.",
      "note": "Formal",
      "form_type": "",
      "style": "",
      "tags": []
    },
    {
      "text": "Fyrirgefðu.",
      "note": "Formal",
      "form_type": "",
      "style": "",
      "tags": []
    },
    {
      "text": "Afsakið.",
      "note": "Attention",
      "form_type": "",
      "style": "",
      "tags": []
    },
    {
      "text": "Hvernig hefurðu það?",
      "note": "Greetings",
      "form_type": "",
      "style": "",
      "tags": []
    },
    {
      "text": "Mér líður vel, takk fyrir.",
      "note": "",
      "form_type": "",
      "style": "",
      "tags": []
    },
    {
      "text": "Hvað heitir þú?",
      "note": "",
      "form_type": "",
      "style": "",
      "tags": []
    },
    {
      "text": "Ég heiti...",
      "note": "",
      "form_type": "",
      "style": "",
      "tags": []
    },
    {
      "text": "Hvaðan ertu?",
      "note": "",
      "form_type": "",
      "style": "",
      "tags": []
    },
    {
      "text": "Ég er frá Ameríku.",
      "note": "",
      "form_type": "",
      "style": "",
      "tags": []
    },
    {
      "text": "Bless.",
      "note": "To someone leaving",
      "form_type": "",
      "style": "",
      "tags": []
    },
    {
      "text": "Vertu sæll.",
      "note": "To someone staying",
      "form_type": "",
      "style": "",
      "tags": []
    },
    {
      "text": "Já.",
      "note": "Positive",
      "form_type": "",
      "style": "",
      "tags": []
    },
    {
      "text": "Nei.",
      "note": "Negative",
      "form_type": "",
      "style": "",
      "tags": []
    },
    {
      "text": "Kannski.",
      "note": "Guess",
      "form_type": "",
      "style": "",
      "tags": []
    },
    {
      "text": "Ég skil.",
      "note": "",
      "form_type": "",
      "style": "",
      "tags": []
    },
    {
      "text": "Ég veit það ekki.",
      "note": "",
      "form_type": "",
      "style": "",
      "tags": []
    },
    {
      "text": "Hjálpaðu mér, vinsamlegast.",
      "note": "",
      "form_type": "",
      "style": "",
      "tags": []
    },
    {
      "text": "Augnablik, vinsamlegast.",
      "note": "",
      "form_type": "",
      "style": "",
      "tags": []
    },
    {
      "text": "Hvað kostar þetta?",
      "note": "Shopping",
      "form_type": "",
      "style": "",
      "tags": []
    },
    {
      "text": "Hvar er klósettið?",
      "note": "",
      "form_type": "",
      "style": "",
      "tags": []
    },
    {
      "text": "Ég er svangur.",
      "note": "",
      "form_type": "",
      "style": "",
      "tags": []
    },
    {
      "text": "Ég er þyrstur.",
      "note": "",
      "form_type": "",
      "style": "",
      "tags": []
    },
    {
      "text": "Þetta er dýrindis.",
      "note": "",
      "form_type": "",
      "style": "",
      "tags": []
    },
    {
      "text": "Mér líkar það.",
      "note": "",
      "form_type": "",
      "style": "",
      "tags": []
    },
    {
      "text": "Þetta er í lagi.",
      "note": "",
      "form_type": "",
      "style": "",
      "tags": []
    },
    {
      "text": "Gangi þér vel.",
      "note": "",
      "form_type": "",
      "style": "",
      "tags": []
    },
    {
      "text": "Hvað er klukkan?",
      "note": "",
      "form_type": "",
      "style": "",
      "tags": []
    },
    {
      "text": "Veðrið er gott í dag.",
      "note": "",
      "form_type": "",
      "style": "",
      "tags": []
    },
    {
      "text": "Það er kalt.",
      "note": "",
      "form_type": "",
      "style": "",
      "tags": []
    },
    {
      "text": "Það er heitt.",
      "note": "",
      "form_type": "",
      "style": "",
      "tags": []
    },
    {
      "text": "Ég er þreyttur.",
      "note": "",
      "form_type": "",
      "style": "",
      "tags": []
    },
    {
      "text": "Ég er glaður.",
      "note": "",
      "form_type": "",
      "style": "",
      "tags": []
    },
    {
      "text": "Til hamingju.",
      "note": "",
      "form_type": "",
      "style": "",
      "tags": []
    },
    {
      "text": "Til hamingju með afmælið.",
      "note": "",
      "form_type": "",
      "style": "",
      "tags": []
    },
    {
      "text": "Eigðu góðan dag.",
      "note": "",
      "form_type": "",
      "style": "",
      "tags": []
    },
    {
      "text": "Sjáumst á morgun.",
      "note": "",
      "form_type": "",
      "style": "",
      "tags": []
    },
    {
      "text": "Gættu þú að þér.",
      "note": "",
      "form_type": "",
      "style": "",
      "tags": []
    },
    {
      "text": "Talar þú ensku?",
      "note": "",
      "form_type": "",
      "style": "",
      "tags": []
    },
    {
      "text": "Ég tala bara smá kóresku.",
      "note": "",
      "form_type": "",
      "style": "",
      "tags": []
    },
    {
      "text": "Talaðu hægt, vinsamlegast.",
      "note": "",
      "form_type": "",
      "style": "",
      "tags": []
    },
    {
      "text": "Hvað þýðir þetta?",
      "note": "",
      "form_type": "",
      "style": "",
      "tags": []
    },
    {
      "text": "Hvernig segir maður það á kóresku?",
      "note": "",
      "form_type": "",
      "style": "",
      "tags": []
    },
    {
      "text": "Ég elska þig.",
      "note": "",
      "form_type": "",
      "style": "",
      "tags": []
    },
    {
      "text": "Bíddu, vinsamlegast.",
      "note": "",
      "form_type": "",
      "style": "",
      "tags": []
    },
    {
      "text": "Ekkert að þakka.",
      "note": "",
      "form_type": "",
      "style": "",
      "tags": []
    },
    {
      "text": "Nei, það er í lagi.",
      "note": "",
      "form_type": "",
      "style": "",
      "tags": []
    },
    {
      "text": "Ég er með spurningu.",
      "note": "",
      "form_type": "",
      "style": "",
      "tags": []
    }
  ]
}