{
  "default_type": "word",
  "subject": "Основни глаголи 100",
  "pos": "verb",
  "entries": [
    {
      "text": "Да отида",
      "note": "",
      "tags": []
    },
    {
      "text": "Да дойда",
      "note": "",
      "tags": []
    },
    {
      "text": "Да ям",
      "note": "",
      "tags": []
    },
    {
      "text": "Да пия",
      "note": "",
      "tags": []
    },
    {
      "text": "Да спя",
      "note": "",
      "tags": []
    },
    {
      "text": "Да видя",
      "note": "",
      "tags": []
    },
    {
      "text": "Да купя",
      "note": "",
      "tags": []
    },
    {
      "text": "Да продам",
      "note": "",
      "tags": []
    },
    {
      "text": "Да чета",
      "note": "",
      "tags": []
    },
    {
      "text": "Да пиша",
      "note": "Writing",
      "tags": []
    },
    {
      "text": "Да слушам",
      "note": "",
      "tags": []
    },
    {
      "text": "Да говоря",
      "note": "",
      "tags": []
    },
    {
      "text": "Да правя",
      "note": "",
      "tags": []
    },
    {
      "text": "Да работя",
      "note": "",
      "tags": []
    },
    {
      "text": "Да уча",
      "note": "",
      "tags": []
    },
    {
      "text": "Да преподавам",
      "note": "",
      "tags": []
    },
    {
      "text": "Да уча",
      "note": "",
      "tags": []
    },
    {
      "text": "Да чакам",
      "note": "",
      "tags": []
    },
    {
      "text": "Да се срещна",
      "note": "",
      "tags": []
    },
    {
      "text": "Да обичам",
      "note": "",
      "tags": []
    },
    {
      "text": "Да харесвам",
      "note": "",
      "tags": []
    },
    {
      "text": "Да не харесвам",
      "note": "",
      "tags": []
    },
    {
      "text": "Да се смея",
      "note": "",
      "tags": []
    },
    {
      "text": "Да плача",
      "note": "",
      "tags": []
    },
    {
      "text": "Да ходя",
      "note": "",
      "tags": []
    },
    {
      "text": "Да тичам",
      "note": "Running",
      "tags": []
    },
    {
      "text": "Да седна",
      "note": "",
      "tags": []
    },
    {
      "text": "Да стоя",
      "note": "",
      "tags": []
    },
    {
      "text": "Да давам",
      "note": "",
      "tags": []
    },
    {
      "text": "Да получа",
      "note": "",
      "tags": []
    },
    {
      "text": "Да отворя",
      "note": "",
      "tags": []
    },
    {
      "text": "Да затворя",
      "note": "",
      "tags": []
    },
    {
      "text": "Да мисля",
      "note": "",
      "tags": []
    },
    {
      "text": "Да знам",
      "note": "",
      "tags": []
    },
    {
      "text": "Да не знам",
      "note": "",
      "tags": []
    },
    {
      "text": "Да намеря",
      "note": "",
      "tags": []
    },
    {
      "text": "Да загубя",
      "note": "",
      "tags": []
    },
    {
      "text": "Да помогна",
      "note": "",
      "tags": []
    },
    {
      "text": "Да мия",
      "note": "",
      "tags": []
    },
    {
      "text": "Да готвя",
      "note": "",
      "tags": []
    },
    {
      "text": "Да пея",
      "note": "",
      "tags": []
    },
    {
      "text": "Да танцувам",
      "note": "",
      "tags": []
    },
    {
      "text": "Да използвам",
      "note": "",
      "tags": []
    },
    {
      "text": "Да направя",
      "note": "",
      "tags": []
    },
    {
      "text": "Да се обадя",
      "note": "Song / Name",
      "tags": []
    },
    {
      "text": "Да хвана / държа",
      "note": "",
      "tags": []
    },
    {
      "text": "Да поставя / оставя",
      "note": "",
      "tags": []
    },
    {
      "text": "Да вляза",
      "note": "",
      "tags": []
    },
    {
      "text": "Да изляза",
      "note": "",
      "tags": []
    },
    {
      "text": "Да се кача",
      "note": "Boarding",
      "tags": []
    },
    {
      "text": "Да сляза",
      "note": "Alighting",
      "tags": []
    },
    {
      "text": "Да изпратя",
      "note": "",
      "tags": []
    },
    {
      "text": "Да представя / подам",
      "note": "Submission",
      "tags": []
    },
    {
      "text": "Да се разбирам",
      "note": "Greetings",
      "tags": []
    },
    {
      "text": "Да започна",
      "note": "",
      "tags": []
    },
    {
      "text": "Да свърша",
      "note": "",
      "tags": []
    },
    {
      "text": "Да почивам",
      "note": "Relax",
      "tags": []
    },
    {
      "text": "Да попитам",
      "note": "Question",
      "tags": []
    },
    {
      "text": "Да отговоря",
      "note": "",
      "tags": []
    },
    {
      "text": "Да обещая",
      "note": "",
      "tags": []
    },
    {
      "text": "Да се тревожа",
      "note": "",
      "tags": []
    },
    {
      "text": "Да вярвам",
      "note": "",
      "tags": []
    },
    {
      "text": "Да се съмнявам",
      "note": "",
      "tags": []
    },
    {
      "text": "Да желая / надявам се",
      "note": "Hope",
      "tags": []
    },
    {
      "text": "Да мечтая",
      "note": "",
      "tags": []
    },
    {
      "text": "Да се бия",
      "note": "",
      "tags": []
    },
    {
      "text": "Да спечеля",
      "note": "",
      "tags": []
    },
    {
      "text": "Да загубя",
      "note": "Defeat",
      "tags": []
    },
    {
      "text": "Да раста",
      "note": "Growth",
      "tags": []
    },
    {
      "text": "Да живея",
      "note": "",
      "tags": []
    },
    {
      "text": "Да умра",
      "note": "",
      "tags": []
    },
    {
      "text": "Да вдигна",
      "note": "",
      "tags": []
    },
    {
      "text": "Да изхвърля",
      "note": "",
      "tags": []
    },
    {
      "text": "Да скрия",
      "note": "",
      "tags": []
    },
    {
      "text": "Да търся",
      "note": "",
      "tags": []
    },
    {
      "text": "Да избера",
      "note": "",
      "tags": []
    },
    {
      "text": "Да променя",
      "note": "",
      "tags": []
    },
    {
      "text": "Да поръчам",
      "note": "Buying items",
      "tags": []
    },
    {
      "text": "Да подготвя",
      "note": "",
      "tags": []
    },
    {
      "text": "Да хвана",
      "note": "",
      "tags": []
    },
    {
      "text": "Да хвърля",
      "note": "",
      "tags": []
    },
    {
      "text": "Да дръпна",
      "note": "",
      "tags": []
    },
    {
      "text": "Да бутна",
      "note": "",
      "tags": []
    },
    {
      "text": "Да поправя",
      "note": "Repair",
      "tags": []
    },
    {
      "text": "Да счупя",
      "note": "",
      "tags": []
    },
    {
      "text": "Да съм болен / наранен",
      "note": "",
      "tags": []
    },
    {
      "text": "Да лекувам",
      "note": "",
      "tags": []
    },
    {
      "text": "Да спортувам",
      "note": "",
      "tags": []
    },
    {
      "text": "Да плувам",
      "note": "",
      "tags": []
    },
    {
      "text": "Да пътувам",
      "note": "",
      "tags": []
    },
    {
      "text": "Да шофирам",
      "note": "",
      "tags": []
    },
    {
      "text": "Да чистя",
      "note": "",
      "tags": []
    },
    {
      "text": "Да мия чинии",
      "note": "",
      "tags": []
    },
    {
      "text": "Да пера дрехи",
      "note": "",
      "tags": []
    },
    {
      "text": "Да се къпя",
      "note": "",
      "tags": []
    },
    {
      "text": "Да си мия зъбите",
      "note": "",
      "tags": []
    },
    {
      "text": "Да се събудя",
      "note": "Wake up",
      "tags": []
    },
    {
      "text": "Да си легна",
      "note": "Sleeping",
      "tags": []
    },
    {
      "text": "Да разбирам",
      "note": "",
      "tags": []
    },
    {
      "text": "Да помня",
      "note": "",
      "tags": []
    }
  ]
}