{
  "default_type": "sentence",
  "subject": "মৌলিক অভিব্যক্তি এবং দৈনিক বাক্য ৫০",
  "entries": [
    {
      "text": "নমস্কার / হ্যালো।",
      "note": "ভদ্র অভিবাদন",
      "form_type": "",
      "style": "",
      "tags": []
    },
    {
      "text": "আপনার সাথে দেখা করে ভালো লাগলো।",
      "note": "প্রথম সাক্ষাৎ",
      "form_type": "",
      "style": "",
      "tags": []
    },
    {
      "text": "অনেক দিন পর দেখা হলো।",
      "note": "পুনর্মিলন",
      "form_type": "",
      "style": "",
      "tags": []
    },
    {
      "text": "অনেক অনেক ধন্যবাদ।",
      "note": "ভদ্রতা",
      "form_type": "",
      "style": "",
      "tags": []
    },
    {
      "text": "আমি দুঃখিত।",
      "note": "ভদ্রতা",
      "form_type": "",
      "style": "",
      "tags": []
    },
    {
      "text": "মাফ করবেন।",
      "note": "দৃষ্টি আকর্ষণ",
      "form_type": "",
      "style": "",
      "tags": []
    },
    {
      "text": "আপনি কেমন আছেন?",
      "note": "অভিবাদন",
      "form_type": "",
      "style": "",
      "tags": []
    },
    {
      "text": "আমি ভালো আছি, ধন্যবাদ।",
      "note": "",
      "form_type": "",
      "style": "",
      "tags": []
    },
    {
      "text": "আপনার নাম কি?",
      "note": "",
      "form_type": "",
      "style": "",
      "tags": []
    },
    {
      "text": "আমার নাম ...",
      "note": "",
      "form_type": "",
      "style": "",
      "tags": []
    },
    {
      "text": "আপনি কোথা থেকে এসেছেন?",
      "note": "",
      "form_type": "",
      "style": "",
      "tags": []
    },
    {
      "text": "আমি আমেরিকা থেকে এসেছি।",
      "note": "",
      "form_type": "",
      "style": "",
      "tags": []
    },
    {
      "text": "বিদায়।",
      "note": "যিনি যাচ্ছেন তার উদ্দেশ্যে",
      "form_type": "",
      "style": "",
      "tags": []
    },
    {
      "text": "ভালো থাকবেন / বিদায়।",
      "note": "যিনি থাকছেন তার উদ্দেশ্যে",
      "form_type": "",
      "style": "",
      "tags": []
    },
    {
      "text": "হ্যাঁ।",
      "note": "ইতিবাচক",
      "form_type": "",
      "style": "",
      "tags": []
    },
    {
      "text": "না।",
      "note": "নেতিবাচক",
      "form_type": "",
      "style": "",
      "tags": []
    },
    {
      "text": "হয়তো।",
      "note": "অনুমান",
      "form_type": "",
      "style": "",
      "tags": []
    },
    {
      "text": "আমি বুঝতে পেরেছি।",
      "note": "",
      "form_type": "",
      "style": "",
      "tags": []
    },
    {
      "text": "আমি জানি না।",
      "note": "",
      "form_type": "",
      "style": "",
      "tags": []
    },
    {
      "text": "দয়া করে আমাকে সাহায্য করুন।",
      "note": "",
      "form_type": "",
      "style": "",
      "tags": []
    },
    {
      "text": "দয়া করে এক মুহূর্ত অপেক্ষা করুন।",
      "note": "",
      "form_type": "",
      "style": "",
      "tags": []
    },
    {
      "text": "এটির দাম কত?",
      "note": "কেনাকাটা",
      "form_type": "",
      "style": "",
      "tags": []
    },
    {
      "text": "টয়লেট কোথায়?",
      "note": "",
      "form_type": "",
      "style": "",
      "tags": []
    },
    {
      "text": "আমার খিদে পেয়েছে।",
      "note": "",
      "form_type": "",
      "style": "",
      "tags": []
    },
    {
      "text": "আমার তেষ্টা পেয়েছে।",
      "note": "",
      "form_type": "",
      "style": "",
      "tags": []
    },
    {
      "text": "এটি সুস্বাদু।",
      "note": "",
      "form_type": "",
      "style": "",
      "tags": []
    },
    {
      "text": "আমি এটি পছন্দ করি।",
      "note": "",
      "form_type": "",
      "style": "",
      "tags": []
    },
    {
      "text": "ঠিক আছে।",
      "note": "",
      "form_type": "",
      "style": "",
      "tags": []
    },
    {
      "text": "শুভকামনা রইল।",
      "note": "",
      "form_type": "",
      "style": "",
      "tags": []
    },
    {
      "text": "এখন কটা বাজে?",
      "note": "",
      "form_type": "",
      "style": "",
      "tags": []
    },
    {
      "text": "আজকের আবহাওয়া খুব সুন্দর।",
      "note": "",
      "form_type": "",
      "style": "",
      "tags": []
    },
    {
      "text": "খুব ঠান্ডা।",
      "note": "",
      "form_type": "",
      "style": "",
      "tags": []
    },
    {
      "text": "খুব গরম।",
      "note": "",
      "form_type": "",
      "style": "",
      "tags": []
    },
    {
      "text": "আমি ক্লান্ত।",
      "note": "",
      "form_type": "",
      "style": "",
      "tags": []
    },
    {
      "text": "আমি খুশি।",
      "note": "",
      "form_type": "",
      "style": "",
      "tags": []
    },
    {
      "text": "অভিনন্দন।",
      "note": "",
      "form_type": "",
      "style": "",
      "tags": []
    },
    {
      "text": "শুভ জন্মদিন।",
      "note": "",
      "form_type": "",
      "style": "",
      "tags": []
    },
    {
      "text": "আপনার দিনটি ভালো কাটুক।",
      "note": "",
      "form_type": "",
      "style": "",
      "tags": []
    },
    {
      "text": "আগামীকাল দেখা হবে।",
      "note": "",
      "form_type": "",
      "style": "",
      "tags": []
    },
    {
      "text": "নিজের খেয়াল রাখবেন।",
      "note": "",
      "form_type": "",
      "style": "",
      "tags": []
    },
    {
      "text": "আপনি কি ইংরেজি বলতে পারেন?",
      "note": "",
      "form_type": "",
      "style": "",
      "tags": []
    },
    {
      "text": "আমি কোরিয়ান ভাষা খুব সামান্য জানি।",
      "note": "",
      "form_type": "",
      "style": "",
      "tags": []
    },
    {
      "text": "দয়া করে ধীরে বলুন।",
      "note": "",
      "form_type": "",
      "style": "",
      "tags": []
    },
    {
      "text": "এর মানে কি?",
      "note": "",
      "form_type": "",
      "style": "",
      "tags": []
    },
    {
      "text": "কোরিয়ান ভাষায় এটাকে কি বলে?",
      "note": "",
      "form_type": "",
      "style": "",
      "tags": []
    },
    {
      "text": "আমি তোমাকে ভালোবাসি।",
      "note": "",
      "form_type": "",
      "style": "",
      "tags": []
    },
    {
      "text": "দয়া করে অপেক্ষা করুন।",
      "note": "",
      "form_type": "",
      "style": "",
      "tags": []
    },
    {
      "text": "আপনাকে স্বাগত / ঠিক আছে।",
      "note": "",
      "form_type": "",
      "style": "",
      "tags": []
    },
    {
      "text": "না, ধন্যবাদ।",
      "note": "",
      "form_type": "",
      "style": "",
      "tags": []
    },
    {
      "text": "আমার একটি প্রশ্ন আছে।",
      "note": "",
      "form_type": "",
      "style": "",
      "tags": []
    }
  ]
}