{
  "default_type": "sentence",
  "subject": "അടിസ്ഥാന പ്രയോഗങ്ങളും ദൈനംദിന വാക്യങ്ങളും 50",
  "entries": [
    {
      "text": "നമസ്കാരം.",
      "note": "മര്യാദയുള്ള അഭിവാദ്യം",
      "form_type": "",
      "style": "",
      "tags": []
    },
    {
      "text": "താങ്കളെ കണ്ടുമുട്ടിയതിൽ സന്തോഷം.",
      "note": "ആദ്യ കൂടിക്കാഴ്ച",
      "form_type": "",
      "style": "",
      "tags": []
    },
    {
      "text": "കണ്ടിട്ട് കുറെ കാലമായി.",
      "note": "വീണ്ടും കാണുമ്പോൾ",
      "form_type": "",
      "style": "",
      "tags": []
    },
    {
      "text": "വളരെയധികം നന്ദി.",
      "note": "ഔദ്യോഗികം",
      "form_type": "",
      "style": "",
      "tags": []
    },
    {
      "text": "ക്ഷമിക്കണം.",
      "note": "ഔദ്യോഗികം",
      "form_type": "",
      "style": "",
      "tags": []
    },
    {
      "text": "ക്ഷമിക്കണം / ഒന്ന് കേൾക്കൂ.",
      "note": "ശ്രദ്ധ ആകർഷിക്കാൻ",
      "form_type": "",
      "style": "",
      "tags": []
    },
    {
      "text": "സുഖമാണോ?",
      "note": "അഭിവാദ്യം",
      "form_type": "",
      "style": "",
      "tags": []
    },
    {
      "text": "സുഖമാണ്, നന്ദി.",
      "note": "",
      "form_type": "",
      "style": "",
      "tags": []
    },
    {
      "text": "പേരെന്താണ്?",
      "note": "",
      "form_type": "",
      "style": "",
      "tags": []
    },
    {
      "text": "എന്റെ പേര് ...",
      "note": "",
      "form_type": "",
      "style": "",
      "tags": []
    },
    {
      "text": "എവിടെ നിന്നാണ് വരുന്നത്?",
      "note": "",
      "form_type": "",
      "style": "",
      "tags": []
    },
    {
      "text": "ഞാൻ അമേരിക്കയിൽ നിന്നാണ് വരുന്നത്.",
      "note": "",
      "form_type": "",
      "style": "",
      "tags": []
    },
    {
      "text": "പോയി വരാം.",
      "note": "പോകുന്ന വ്യക്തിയോട്",
      "form_type": "",
      "style": "",
      "tags": []
    },
    {
      "text": "നന്നായിരിക്കുക / പോയി വരൂ.",
      "note": "നിൽക്കുന്ന വ്യക്തിയോട്",
      "form_type": "",
      "style": "",
      "tags": []
    },
    {
      "text": "അതെ.",
      "note": "അനുകൂലം",
      "form_type": "",
      "style": "",
      "tags": []
    },
    {
      "text": "അല്ല.",
      "note": "പ്രതികൂലം",
      "form_type": "",
      "style": "",
      "tags": []
    },
    {
      "text": "ചിലപ്പോൾ.",
      "note": "ഊഹം",
      "form_type": "",
      "style": "",
      "tags": []
    },
    {
      "text": "എനിക്ക് മനസ്സിലാകുന്നുണ്ട്.",
      "note": "",
      "form_type": "",
      "style": "",
      "tags": []
    },
    {
      "text": "എനിക്കറിയില്ല.",
      "note": "",
      "form_type": "",
      "style": "",
      "tags": []
    },
    {
      "text": "ദയവായി എന്നെ സഹായിക്കൂ.",
      "note": "",
      "form_type": "",
      "style": "",
      "tags": []
    },
    {
      "text": "ദയവായി ഒരു നിമിഷം കാത്തിരിക്കൂ.",
      "note": "",
      "form_type": "",
      "style": "",
      "tags": []
    },
    {
      "text": "ഇതിന് എത്ര രൂപയാകും?",
      "note": "ഷോപ്പിംഗ്",
      "form_type": "",
      "style": "",
      "tags": []
    },
    {
      "text": "ടോയ്‌ലറ്റ് എവിടെയാണ്?",
      "note": "",
      "form_type": "",
      "style": "",
      "tags": []
    },
    {
      "text": "എനിക്ക് വിശക്കുന്നു.",
      "note": "",
      "form_type": "",
      "style": "",
      "tags": []
    },
    {
      "text": "എനിക്ക് ദാഹിക്കുന്നു.",
      "note": "",
      "form_type": "",
      "style": "",
      "tags": []
    },
    {
      "text": "ഇത് രുചികരമാണ്.",
      "note": "",
      "form_type": "",
      "style": "",
      "tags": []
    },
    {
      "text": "എനിക്കിത് ഇഷ്ടപ്പെട്ടു.",
      "note": "",
      "form_type": "",
      "style": "",
      "tags": []
    },
    {
      "text": "കുഴപ്പമില്ല / ശരി.",
      "note": "",
      "form_type": "",
      "style": "",
      "tags": []
    },
    {
      "text": "ആശംസകൾ.",
      "note": "",
      "form_type": "",
      "style": "",
      "tags": []
    },
    {
      "text": "ഇപ്പോൾ സമയം എത്രയായി?",
      "note": "",
      "form_type": "",
      "style": "",
      "tags": []
    },
    {
      "text": "ഇന്ന് നല്ല കാലാവസ്ഥയാണ്.",
      "note": "",
      "form_type": "",
      "style": "",
      "tags": []
    },
    {
      "text": "തണുപ്പാണ്.",
      "note": "",
      "form_type": "",
      "style": "",
      "tags": []
    },
    {
      "text": "ചൂടാണ്.",
      "note": "",
      "form_type": "",
      "style": "",
      "tags": []
    },
    {
      "text": "ഞാൻ തളർന്നിരിക്കുന്നു.",
      "note": "",
      "form_type": "",
      "style": "",
      "tags": []
    },
    {
      "text": "ഞാൻ സന്തോഷവാനാണ്.",
      "note": "",
      "form_type": "",
      "style": "",
      "tags": []
    },
    {
      "text": "അഭിനന്ദനങ്ങൾ.",
      "note": "",
      "form_type": "",
      "style": "",
      "tags": []
    },
    {
      "text": "പിറന്നാൾ ആശംസകൾ.",
      "note": "",
      "form_type": "",
      "style": "",
      "tags": []
    },
    {
      "text": "ശുഭദിനം നേരുന്നു.",
      "note": "",
      "form_type": "",
      "style": "",
      "tags": []
    },
    {
      "text": "നാളെ കാണാം.",
      "note": "",
      "form_type": "",
      "style": "",
      "tags": []
    },
    {
      "text": "ശ്രദ്ധിക്കണേ.",
      "note": "",
      "form_type": "",
      "style": "",
      "tags": []
    },
    {
      "text": "താങ്കൾ ഇംഗ്ലീഷ് സംസാരിക്കുമോ?",
      "note": "",
      "form_type": "",
      "style": "",
      "tags": []
    },
    {
      "text": "എനിക്ക് കൊറിയൻ അല്പം മാത്രമേ അറിയൂ.",
      "note": "",
      "form_type": "",
      "style": "",
      "tags": []
    },
    {
      "text": "ദയവായി സാവധാനം സംസാരിക്കൂ.",
      "note": "",
      "form_type": "",
      "style": "",
      "tags": []
    },
    {
      "text": "ഇതിന്റെ അർത്ഥമെന്താണ്?",
      "note": "",
      "form_type": "",
      "style": "",
      "tags": []
    },
    {
      "text": "ഇതിനെ കൊറിയനിൽ എങ്ങനെ പറയും?",
      "note": "",
      "form_type": "",
      "style": "",
      "tags": []
    },
    {
      "text": "ഞാൻ നിന്നെ സ്നേഹിക്കുന്നു.",
      "note": "",
      "form_type": "",
      "style": "",
      "tags": []
    },
    {
      "text": "ദയവായി കാത്തിരിക്കൂ.",
      "note": "",
      "form_type": "",
      "style": "",
      "tags": []
    },
    {
      "text": "സ്വാഗതം / കുഴപ്പമില്ല.",
      "note": "",
      "form_type": "",
      "style": "",
      "tags": []
    },
    {
      "text": "വേണ്ട, നന്ദി.",
      "note": "",
      "form_type": "",
      "style": "",
      "tags": []
    },
    {
      "text": "എനിക്കൊരു ചോദ്യമുണ്ട്.",
      "note": "",
      "form_type": "",
      "style": "",
      "tags": []
    }
  ]
}