{
  "default_type": "word",
  "subject": "50 Kata Benda Dasar",
  "pos": "noun",
  "entries": [
    {
      "text": "saya / aku",
      "note": "",
      "tags": []
    },
    {
      "text": "anda / kamu",
      "note": "",
      "tags": []
    },
    {
      "text": "ini",
      "note": "",
      "tags": []
    },
    {
      "text": "itu",
      "note": "",
      "tags": []
    },
    {
      "text": "siapa",
      "note": "",
      "tags": []
    },
    {
      "text": "apa",
      "note": "",
      "tags": []
    },
    {
      "text": "dimana",
      "note": "",
      "tags": []
    },
    {
      "text": "kapan",
      "note": "",
      "tags": []
    },
    {
      "text": "mengapa",
      "note": "",
      "tags": []
    },
    {
      "text": "bagaimana",
      "note": "",
      "tags": []
    },
    {
      "text": "orang",
      "note": "",
      "tags": []
    },
    {
      "text": "teman",
      "note": "",
      "tags": []
    },
    {
      "text": "keluarga",
      "note": "",
      "tags": []
    },
    {
      "text": "nama",
      "note": "",
      "tags": []
    },
    {
      "text": "rumah",
      "note": "",
      "tags": []
    },
    {
      "text": "sekolah",
      "note": "",
      "tags": []
    },
    {
      "text": "perusahaan",
      "note": "",
      "tags": []
    },
    {
      "text": "rumah sakit",
      "note": "",
      "tags": []
    },
    {
      "text": "pasar",
      "note": "",
      "tags": []
    },
    {
      "text": "restoran",
      "note": "",
      "tags": []
    },
    {
      "text": "kafe",
      "note": "",
      "tags": []
    },
    {
      "text": "toilet",
      "note": "",
      "tags": []
    },
    {
      "text": "buku",
      "note": "",
      "tags": []
    },
    {
      "text": "air",
      "note": "",
      "tags": []
    },
    {
      "text": "makanan",
      "note": "",
      "tags": []
    },
    {
      "text": "uang",
      "note": "",
      "tags": []
    },
    {
      "text": "pakaian",
      "note": "",
      "tags": []
    },
    {
      "text": "sepatu",
      "note": "",
      "tags": []
    },
    {
      "text": "tas",
      "note": "",
      "tags": []
    },
    {
      "text": "jam tangan",
      "note": "",
      "tags": []
    },
    {
      "text": "telepon",
      "note": "",
      "tags": []
    },
    {
      "text": "komputer",
      "note": "",
      "tags": []
    },
    {
      "text": "mobil",
      "note": "",
      "tags": []
    },
    {
      "text": "bulan",
      "note": "rembulan",
      "tags": []
    },
    {
      "text": "bintang",
      "note": "angkasa",
      "tags": []
    },
    {
      "text": "matahari",
      "note": "",
      "tags": []
    },
    {
      "text": "langit",
      "note": "",
      "tags": []
    },
    {
      "text": "laut",
      "note": "",
      "tags": []
    },
    {
      "text": "gunung",
      "note": "",
      "tags": []
    },
    {
      "text": "bunga",
      "note": "",
      "tags": []
    },
    {
      "text": "pohon",
      "note": "",
      "tags": []
    },
    {
      "text": "anjing",
      "note": "",
      "tags": []
    },
    {
      "text": "kucing",
      "note": "",
      "tags": []
    },
    {
      "text": "hari ini",
      "note": "",
      "tags": []
    },
    {
      "text": "besok",
      "note": "",
      "tags": []
    },
    {
      "text": "kemarin",
      "note": "",
      "tags": []
    },
    {
      "text": "sekarang",
      "note": "",
      "tags": []
    },
    {
      "text": "waktu",
      "note": "",
      "tags": []
    },
    {
      "text": "siang / hari",
      "note": "",
      "tags": []
    },
    {
      "text": "malam",
      "note": "",
      "tags": []
    }
  ]
}