{
  "default_type": "word",
  "subject": "Основні дієслова 100",
  "pos": "verb",
  "entries": [
    {
      "text": "Йти",
      "note": "",
      "tags": []
    },
    {
      "text": "Приходити",
      "note": "",
      "tags": []
    },
    {
      "text": "Їсти",
      "note": "",
      "tags": []
    },
    {
      "text": "Пити",
      "note": "",
      "tags": []
    },
    {
      "text": "Спати",
      "note": "",
      "tags": []
    },
    {
      "text": "Бачити",
      "note": "",
      "tags": []
    },
    {
      "text": "Купувати",
      "note": "",
      "tags": []
    },
    {
      "text": "Продавати",
      "note": "",
      "tags": []
    },
    {
      "text": "Читати",
      "note": "",
      "tags": []
    },
    {
      "text": "Писати",
      "note": "Письмо",
      "tags": []
    },
    {
      "text": "Слухати",
      "note": "",
      "tags": []
    },
    {
      "text": "Говорити",
      "note": "",
      "tags": []
    },
    {
      "text": "Робити",
      "note": "",
      "tags": []
    },
    {
      "text": "Працювати",
      "note": "",
      "tags": []
    },
    {
      "text": "Вчитися",
      "note": "",
      "tags": []
    },
    {
      "text": "Вчити / Викладати",
      "note": "",
      "tags": []
    },
    {
      "text": "Вчити / Вивчати",
      "note": "",
      "tags": []
    },
    {
      "text": "Чекати",
      "note": "",
      "tags": []
    },
    {
      "text": "Зустрічати",
      "note": "",
      "tags": []
    },
    {
      "text": "Любити",
      "note": "",
      "tags": []
    },
    {
      "text": "Подобатися",
      "note": "",
      "tags": []
    },
    {
      "text": "Ненавидіти",
      "note": "",
      "tags": []
    },
    {
      "text": "Сміятися",
      "note": "",
      "tags": []
    },
    {
      "text": "Плакати",
      "note": "",
      "tags": []
    },
    {
      "text": "Йти пішки",
      "note": "",
      "tags": []
    },
    {
      "text": "Бігти",
      "note": "Біг",
      "tags": []
    },
    {
      "text": "Сидіти",
      "note": "",
      "tags": []
    },
    {
      "text": "Стояти",
      "note": "",
      "tags": []
    },
    {
      "text": "Давати",
      "note": "",
      "tags": []
    },
    {
      "text": "Отримувати",
      "note": "",
      "tags": []
    },
    {
      "text": "Відкривати",
      "note": "",
      "tags": []
    },
    {
      "text": "Закривати",
      "note": "",
      "tags": []
    },
    {
      "text": "Думати",
      "note": "",
      "tags": []
    },
    {
      "text": "Знати",
      "note": "",
      "tags": []
    },
    {
      "text": "Не знати",
      "note": "",
      "tags": []
    },
    {
      "text": "Шукати / Знаходити",
      "note": "",
      "tags": []
    },
    {
      "text": "Втрачати",
      "note": "",
      "tags": []
    },
    {
      "text": "Допомагати",
      "note": "",
      "tags": []
    },
    {
      "text": "Мити",
      "note": "",
      "tags": []
    },
    {
      "text": "Готувати",
      "note": "",
      "tags": []
    },
    {
      "text": "Співати",
      "note": "",
      "tags": []
    },
    {
      "text": "Танцювати",
      "note": "",
      "tags": []
    },
    {
      "text": "Використовувати",
      "note": "",
      "tags": []
    },
    {
      "text": "Робити",
      "note": "",
      "tags": []
    },
    {
      "text": "Кликати / Співати",
      "note": "Пісня / Ім'я",
      "tags": []
    },
    {
      "text": "Ловити / Тримати",
      "note": "",
      "tags": []
    },
    {
      "text": "Класти / Залишати",
      "note": "",
      "tags": []
    },
    {
      "text": "Входити",
      "note": "",
      "tags": []
    },
    {
      "text": "Виходити",
      "note": "",
      "tags": []
    },
    {
      "text": "Сідати",
      "note": "В транспорт",
      "tags": []
    },
    {
      "text": "Виходити",
      "note": "З транспорту",
      "tags": []
    },
    {
      "text": "Посилати",
      "note": "",
      "tags": []
    },
    {
      "text": "Подавати",
      "note": "Подача",
      "tags": []
    },
    {
      "text": "Поживати",
      "note": "Привітання",
      "tags": []
    },
    {
      "text": "Починати",
      "note": "",
      "tags": []
    },
    {
      "text": "Закінчувати",
      "note": "",
      "tags": []
    },
    {
      "text": "Відпочивати",
      "note": "Відпочинок",
      "tags": []
    },
    {
      "text": "Питати",
      "note": "Питання",
      "tags": []
    },
    {
      "text": "Відповідати",
      "note": "",
      "tags": []
    },
    {
      "text": "Обіцяти",
      "note": "",
      "tags": []
    },
    {
      "text": "Хвилюватися",
      "note": "",
      "tags": []
    },
    {
      "text": "Вірити",
      "note": "",
      "tags": []
    },
    {
      "text": "Сумніватися",
      "note": "",
      "tags": []
    },
    {
      "text": "Бажати / Сподіватися",
      "note": "Надія",
      "tags": []
    },
    {
      "text": "Мріяти",
      "note": "",
      "tags": []
    },
    {
      "text": "Билися / Сваритися",
      "note": "",
      "tags": []
    },
    {
      "text": "Перемагати",
      "note": "",
      "tags": []
    },
    {
      "text": "Програвати",
      "note": "Поразка",
      "tags": []
    },
    {
      "text": "Рости",
      "note": "Ріст",
      "tags": []
    },
    {
      "text": "Жити",
      "note": "",
      "tags": []
    },
    {
      "text": "Помирати",
      "note": "",
      "tags": []
    },
    {
      "text": "Підбирати",
      "note": "",
      "tags": []
    },
    {
      "text": "Викидати",
      "note": "",
      "tags": []
    },
    {
      "text": "Ховати",
      "note": "",
      "tags": []
    },
    {
      "text": "Шукати",
      "note": "",
      "tags": []
    },
    {
      "text": "Вибирати",
      "note": "",
      "tags": []
    },
    {
      "text": "Змінювати",
      "note": "",
      "tags": []
    },
    {
      "text": "Замовляти",
      "note": "Покупка товарів",
      "tags": []
    },
    {
      "text": "Готувати",
      "note": "",
      "tags": []
    },
    {
      "text": "Ловити",
      "note": "",
      "tags": []
    },
    {
      "text": "Кидати",
      "note": "",
      "tags": []
    },
    {
      "text": "Тягнути",
      "note": "",
      "tags": []
    },
    {
      "text": "Штовхати",
      "note": "",
      "tags": []
    },
    {
      "text": "Лагодити",
      "note": "Ремонт",
      "tags": []
    },
    {
      "text": "Ламати",
      "note": "",
      "tags": []
    },
    {
      "text": "Хворіти",
      "note": "",
      "tags": []
    },
    {
      "text": "Лікувати",
      "note": "",
      "tags": []
    },
    {
      "text": "Тренуватися",
      "note": "",
      "tags": []
    },
    {
      "text": "Плавати",
      "note": "",
      "tags": []
    },
    {
      "text": "Подорожувати",
      "note": "",
      "tags": []
    },
    {
      "text": "Водити",
      "note": "",
      "tags": []
    },
    {
      "text": "Прибирати",
      "note": "",
      "tags": []
    },
    {
      "text": "Мити посуд",
      "note": "",
      "tags": []
    },
    {
      "text": "Прати",
      "note": "",
      "tags": []
    },
    {
      "text": "Приймати душ",
      "note": "",
      "tags": []
    },
    {
      "text": "Чистити зуби",
      "note": "",
      "tags": []
    },
    {
      "text": "Прокидатися",
      "note": "Підйом",
      "tags": []
    },
    {
      "text": "Лягати спати",
      "note": "Сон",
      "tags": []
    },
    {
      "text": "Розуміти",
      "note": "",
      "tags": []
    },
    {
      "text": "Пам'ятати",
      "note": "",
      "tags": []
    }
  ]
}