{
  "default_type": "word",
  "subject": "५० मूलभूत नामे",
  "pos": "noun",
  "entries": [
    {
      "text": "मी",
      "note": "",
      "tags": []
    },
    {
      "text": "तुम्ही / तू",
      "note": "",
      "tags": []
    },
    {
      "text": "हे",
      "note": "",
      "tags": []
    },
    {
      "text": "ते",
      "note": "",
      "tags": []
    },
    {
      "text": "कोण",
      "note": "",
      "tags": []
    },
    {
      "text": "काय",
      "note": "",
      "tags": []
    },
    {
      "text": "कुठे",
      "note": "",
      "tags": []
    },
    {
      "text": "कधी",
      "note": "",
      "tags": []
    },
    {
      "text": "का",
      "note": "",
      "tags": []
    },
    {
      "text": "कसे",
      "note": "",
      "tags": []
    },
    {
      "text": "लोक",
      "note": "",
      "tags": []
    },
    {
      "text": "मित्र",
      "note": "",
      "tags": []
    },
    {
      "text": "कुटुंब",
      "note": "",
      "tags": []
    },
    {
      "text": "नाव",
      "note": "",
      "tags": []
    },
    {
      "text": "घर",
      "note": "",
      "tags": []
    },
    {
      "text": "शाळा",
      "note": "",
      "tags": []
    },
    {
      "text": "कंपनी",
      "note": "",
      "tags": []
    },
    {
      "text": "रुग्णालय",
      "note": "",
      "tags": []
    },
    {
      "text": "बाजार",
      "note": "",
      "tags": []
    },
    {
      "text": "उपहारगृह",
      "note": "",
      "tags": []
    },
    {
      "text": "कॉफी शॉप",
      "note": "",
      "tags": []
    },
    {
      "text": "शौचालय",
      "note": "",
      "tags": []
    },
    {
      "text": "पुस्तक",
      "note": "",
      "tags": []
    },
    {
      "text": "पाणी",
      "note": "",
      "tags": []
    },
    {
      "text": "अन्न",
      "note": "",
      "tags": []
    },
    {
      "text": "पैसे",
      "note": "",
      "tags": []
    },
    {
      "text": "कपडे",
      "note": "",
      "tags": []
    },
    {
      "text": "बूट",
      "note": "",
      "tags": []
    },
    {
      "text": "पिशवी",
      "note": "",
      "tags": []
    },
    {
      "text": "घड्याळ",
      "note": "",
      "tags": []
    },
    {
      "text": "फोन",
      "note": "",
      "tags": []
    },
    {
      "text": "संगणक",
      "note": "",
      "tags": []
    },
    {
      "text": "गाडी",
      "note": "",
      "tags": []
    },
    {
      "text": "चंद्र",
      "note": "चंद्र",
      "tags": []
    },
    {
      "text": "तारा",
      "note": "अवकाश",
      "tags": []
    },
    {
      "text": "सूर्य",
      "note": "",
      "tags": []
    },
    {
      "text": "आकाश",
      "note": "",
      "tags": []
    },
    {
      "text": "समुद्र",
      "note": "",
      "tags": []
    },
    {
      "text": "डोंगर",
      "note": "",
      "tags": []
    },
    {
      "text": "फूल",
      "note": "",
      "tags": []
    },
    {
      "text": "झाड",
      "note": "",
      "tags": []
    },
    {
      "text": "कुत्रा",
      "note": "",
      "tags": []
    },
    {
      "text": "मांजर",
      "note": "",
      "tags": []
    },
    {
      "text": "आज",
      "note": "",
      "tags": []
    },
    {
      "text": "उद्या",
      "note": "",
      "tags": []
    },
    {
      "text": "काल",
      "note": "",
      "tags": []
    },
    {
      "text": "आता",
      "note": "",
      "tags": []
    },
    {
      "text": "वेळ",
      "note": "",
      "tags": []
    },
    {
      "text": "दिवस",
      "note": "",
      "tags": []
    },
    {
      "text": "रात्र",
      "note": "",
      "tags": []
    }
  ]
}