{
  "default_type": "word",
  "subject": "१०० मूलभूत क्रियापदे",
  "pos": "verb",
  "entries": [
    {
      "text": "जाणे",
      "note": "",
      "tags": []
    },
    {
      "text": "येणे",
      "note": "",
      "tags": []
    },
    {
      "text": "खाणे",
      "note": "",
      "tags": []
    },
    {
      "text": "पिणे",
      "note": "",
      "tags": []
    },
    {
      "text": "झोपणे",
      "note": "",
      "tags": []
    },
    {
      "text": "पाहणे",
      "note": "",
      "tags": []
    },
    {
      "text": "खरेदी करणे",
      "note": "",
      "tags": []
    },
    {
      "text": "विकणे",
      "note": "",
      "tags": []
    },
    {
      "text": "वाचणे",
      "note": "",
      "tags": []
    },
    {
      "text": "लिहिणे",
      "note": "लेखन",
      "tags": []
    },
    {
      "text": "ऐकणे",
      "note": "",
      "tags": []
    },
    {
      "text": "बोलणे",
      "note": "",
      "tags": []
    },
    {
      "text": "करणे",
      "note": "",
      "tags": []
    },
    {
      "text": "काम करणे",
      "note": "",
      "tags": []
    },
    {
      "text": "अभ्यास करणे",
      "note": "",
      "tags": []
    },
    {
      "text": "शिकवणे",
      "note": "",
      "tags": []
    },
    {
      "text": "शिकणे",
      "note": "",
      "tags": []
    },
    {
      "text": "वाट पाहणे",
      "note": "",
      "tags": []
    },
    {
      "text": "भेटणे",
      "note": "",
      "tags": []
    },
    {
      "text": "प्रेम करणे",
      "note": "",
      "tags": []
    },
    {
      "text": "आवडणे",
      "note": "",
      "tags": []
    },
    {
      "text": "द्वेष करणे",
      "note": "",
      "tags": []
    },
    {
      "text": "हसणे",
      "note": "",
      "tags": []
    },
    {
      "text": "रडणे",
      "note": "",
      "tags": []
    },
    {
      "text": "चालणे",
      "note": "",
      "tags": []
    },
    {
      "text": "धावणे",
      "note": "धावणे",
      "tags": []
    },
    {
      "text": "बसणे",
      "note": "",
      "tags": []
    },
    {
      "text": "उभे राहणे",
      "note": "",
      "tags": []
    },
    {
      "text": "देणे",
      "note": "",
      "tags": []
    },
    {
      "text": "मिळवणे",
      "note": "",
      "tags": []
    },
    {
      "text": "उघडणे",
      "note": "",
      "tags": []
    },
    {
      "text": "बंद करणे",
      "note": "",
      "tags": []
    },
    {
      "text": "विचार करणे",
      "note": "",
      "tags": []
    },
    {
      "text": "माहित असणे",
      "note": "",
      "tags": []
    },
    {
      "text": "माहित नसणे",
      "note": "",
      "tags": []
    },
    {
      "text": "शोधणे / सापडणे",
      "note": "",
      "tags": []
    },
    {
      "text": "हरवणे",
      "note": "",
      "tags": []
    },
    {
      "text": "मदत करणे",
      "note": "",
      "tags": []
    },
    {
      "text": "धुणे",
      "note": "",
      "tags": []
    },
    {
      "text": "स्वयंपाक करणे",
      "note": "",
      "tags": []
    },
    {
      "text": "गाणे",
      "note": "",
      "tags": []
    },
    {
      "text": "नाचणे",
      "note": "",
      "tags": []
    },
    {
      "text": "वापरणे",
      "note": "",
      "tags": []
    },
    {
      "text": "बनवणे",
      "note": "",
      "tags": []
    },
    {
      "text": "हाक मारणे / गाणे",
      "note": "गाणे / नाव",
      "tags": []
    },
    {
      "text": "पकडणे",
      "note": "",
      "tags": []
    },
    {
      "text": "ठेवणे / सोडून देणे",
      "note": "",
      "tags": []
    },
    {
      "text": "प्रवेश करणे",
      "note": "",
      "tags": []
    },
    {
      "text": "बाहेर जाणे",
      "note": "",
      "tags": []
    },
    {
      "text": "चढणे",
      "note": "वाहन",
      "tags": []
    },
    {
      "text": "उतरणे",
      "note": "वाहन",
      "tags": []
    },
    {
      "text": "पाठवणे",
      "note": "",
      "tags": []
    },
    {
      "text": "जमा करणे",
      "note": "जमा",
      "tags": []
    },
    {
      "text": "हाल-चाल",
      "note": "अभिवादन",
      "tags": []
    },
    {
      "text": "सुरू करणे",
      "note": "",
      "tags": []
    },
    {
      "text": "संपवणे",
      "note": "",
      "tags": []
    },
    {
      "text": "विश्रांती घेणे",
      "note": "विश्रांती",
      "tags": []
    },
    {
      "text": "विचारणे",
      "note": "प्रश्न",
      "tags": []
    },
    {
      "text": "उत्तर देणे",
      "note": "",
      "tags": []
    },
    {
      "text": "वचन देणे",
      "note": "",
      "tags": []
    },
    {
      "text": "काळजी करणे",
      "note": "",
      "tags": []
    },
    {
      "text": "विश्वास ठेवणे",
      "note": "",
      "tags": []
    },
    {
      "text": "शंका घेणे",
      "note": "",
      "tags": []
    },
    {
      "text": "इच्छा / आशा करणे",
      "note": "आशा",
      "tags": []
    },
    {
      "text": "स्वप्न पाहणे",
      "note": "",
      "tags": []
    },
    {
      "text": "भांडणे",
      "note": "",
      "tags": []
    },
    {
      "text": "जिंकणे",
      "note": "",
      "tags": []
    },
    {
      "text": "हरणे",
      "note": "पराभव",
      "tags": []
    },
    {
      "text": "वाढणे",
      "note": "वाढ",
      "tags": []
    },
    {
      "text": "जागणे / राहणे",
      "note": "",
      "tags": []
    },
    {
      "text": "मरणे",
      "note": "",
      "tags": []
    },
    {
      "text": "उचलणे",
      "note": "",
      "tags": []
    },
    {
      "text": "फेकून देणे",
      "note": "",
      "tags": []
    },
    {
      "text": "लपवणे",
      "note": "",
      "tags": []
    },
    {
      "text": "तलाश करणे",
      "note": "",
      "tags": []
    },
    {
      "text": "निवडणे",
      "note": "",
      "tags": []
    },
    {
      "text": "बदलणे",
      "note": "",
      "tags": []
    },
    {
      "text": "ऑर्डर करणे",
      "note": "वस्तू खरेदी",
      "tags": []
    },
    {
      "text": "तयारी करणे",
      "note": "",
      "tags": []
    },
    {
      "text": "पकडणे",
      "note": "",
      "tags": []
    },
    {
      "text": "फेकणे",
      "note": "",
      "tags": []
    },
    {
      "text": "ओढणे",
      "note": "",
      "tags": []
    },
    {
      "text": "ढकलणे",
      "note": "",
      "tags": []
    },
    {
      "text": "दुरुस्त करणे",
      "note": "दुरुस्ती",
      "tags": []
    },
    {
      "text": "मोडणे",
      "note": "",
      "tags": []
    },
    {
      "text": "आजारी असणे / दुखणे",
      "note": "",
      "tags": []
    },
    {
      "text": "उपचार करणे",
      "note": "",
      "tags": []
    },
    {
      "text": "व्यायाम करणे",
      "note": "",
      "tags": []
    },
    {
      "text": "पोहणे",
      "note": "",
      "tags": []
    },
    {
      "text": "प्रवास करणे",
      "note": "",
      "tags": []
    },
    {
      "text": "गाडी चालवणे",
      "note": "",
      "tags": []
    },
    {
      "text": "स्वच्छता करणे",
      "note": "",
      "tags": []
    },
    {
      "text": "भांडी घासणे",
      "note": "",
      "tags": []
    },
    {
      "text": "कपडे धुणे",
      "note": "",
      "tags": []
    },
    {
      "text": "आंघोळ करणे",
      "note": "",
      "tags": []
    },
    {
      "text": "दात घासणे",
      "note": "",
      "tags": []
    },
    {
      "text": "जागे होणे / उठणे",
      "note": "जागे होणे",
      "tags": []
    },
    {
      "text": "झोपायला जाणे",
      "note": "झोप",
      "tags": []
    },
    {
      "text": "समजणे",
      "note": "",
      "tags": []
    },
    {
      "text": "लक्षात ठेवणे",
      "note": "",
      "tags": []
    }
  ]
}