{
  "default_type": "word",
  "subject": "Основные существительные 50",
  "pos": "noun",
  "entries": [
    {
      "text": "Человек",
      "note": "",
      "tags": []
    },
    {
      "text": "Вода",
      "note": "Питьевая вода",
      "tags": []
    },
    {
      "text": "Еда / Рис",
      "note": "Еда",
      "tags": []
    },
    {
      "text": "Хлеб",
      "note": "",
      "tags": []
    },
    {
      "text": "Яблоко",
      "note": "Фрукт",
      "tags": []
    },
    {
      "text": "Молоко",
      "note": "",
      "tags": []
    },
    {
      "text": "Мясо",
      "note": "",
      "tags": []
    },
    {
      "text": "Одежда",
      "note": "",
      "tags": []
    },
    {
      "text": "Дом",
      "note": "Жилье",
      "tags": []
    },
    {
      "text": "Комната",
      "note": "",
      "tags": []
    },
    {
      "text": "Окно",
      "note": "",
      "tags": []
    },
    {
      "text": "Дверь",
      "note": "Вход",
      "tags": []
    },
    {
      "text": "Письменный стол",
      "note": "",
      "tags": []
    },
    {
      "text": "Стул",
      "note": "",
      "tags": []
    },
    {
      "text": "Компьютер",
      "note": "",
      "tags": []
    },
    {
      "text": "Телефон",
      "note": "",
      "tags": []
    },
    {
      "text": "Книга",
      "note": "Книга",
      "tags": []
    },
    {
      "text": "Карандаш",
      "note": "",
      "tags": []
    },
    {
      "text": "Бумага",
      "note": "",
      "tags": []
    },
    {
      "text": "Сумка",
      "note": "",
      "tags": []
    },
    {
      "text": "Школа",
      "note": "",
      "tags": []
    },
    {
      "text": "Компания",
      "note": "",
      "tags": []
    },
    {
      "text": "Больница",
      "note": "",
      "tags": []
    },
    {
      "text": "Аптека",
      "note": "",
      "tags": []
    },
    {
      "text": "Ресторан",
      "note": "",
      "tags": []
    },
    {
      "text": "Рынок",
      "note": "Рынок",
      "tags": []
    },
    {
      "text": "Метро",
      "note": "",
      "tags": []
    },
    {
      "text": "Автобус",
      "note": "",
      "tags": []
    },
    {
      "text": "Такси",
      "note": "",
      "tags": []
    },
    {
      "text": "Самолет",
      "note": "",
      "tags": []
    },
    {
      "text": "Поезд",
      "note": "",
      "tags": []
    },
    {
      "text": "Велосипед",
      "note": "",
      "tags": []
    },
    {
      "text": "Дорога",
      "note": "Трасса",
      "tags": []
    },
    {
      "text": "Гора",
      "note": "",
      "tags": []
    },
    {
      "text": "Море",
      "note": "",
      "tags": []
    },
    {
      "text": "Река",
      "note": "",
      "tags": []
    },
    {
      "text": "Небо",
      "note": "",
      "tags": []
    },
    {
      "text": "Солнце / Год",
      "note": "Солнце / Год",
      "tags": []
    },
    {
      "text": "Луна",
      "note": "Спутник",
      "tags": []
    },
    {
      "text": "Звезда",
      "note": "Небесное тело",
      "tags": []
    },
    {
      "text": "Дерево",
      "note": "",
      "tags": []
    },
    {
      "text": "Цветок",
      "note": "",
      "tags": []
    },
    {
      "text": "Щенок",
      "note": "",
      "tags": []
    },
    {
      "text": "Кошка",
      "note": "",
      "tags": []
    },
    {
      "text": "Деньги",
      "note": "Наличные",
      "tags": []
    },
    {
      "text": "Время",
      "note": "",
      "tags": []
    },
    {
      "text": "Сегодня",
      "note": "",
      "tags": []
    },
    {
      "text": "Завтра",
      "note": "",
      "tags": []
    },
    {
      "text": "Вчера",
      "note": "",
      "tags": []
    },
    {
      "text": "Друг",
      "note": "",
      "tags": []
    }
  ]
}