{
  "default_type": "word",
  "subject": "Основные глаголы 100",
  "pos": "verb",
  "entries": [
    {
      "text": "Идти",
      "note": "",
      "tags": []
    },
    {
      "text": "Приходить",
      "note": "",
      "tags": []
    },
    {
      "text": "Есть",
      "note": "",
      "tags": []
    },
    {
      "text": "Пить",
      "note": "",
      "tags": []
    },
    {
      "text": "Спать",
      "note": "",
      "tags": []
    },
    {
      "text": "Видеть",
      "note": "",
      "tags": []
    },
    {
      "text": "Покупать",
      "note": "",
      "tags": []
    },
    {
      "text": "Продавать",
      "note": "",
      "tags": []
    },
    {
      "text": "Читать",
      "note": "",
      "tags": []
    },
    {
      "text": "Писать",
      "note": "Письмо",
      "tags": []
    },
    {
      "text": "Слушать",
      "note": "",
      "tags": []
    },
    {
      "text": "Говорить",
      "note": "",
      "tags": []
    },
    {
      "text": "Делать",
      "note": "",
      "tags": []
    },
    {
      "text": "Работать",
      "note": "",
      "tags": []
    },
    {
      "text": "Учиться",
      "note": "",
      "tags": []
    },
    {
      "text": "Учить / Преподавать",
      "note": "",
      "tags": []
    },
    {
      "text": "Учить / Изучать",
      "note": "",
      "tags": []
    },
    {
      "text": "Ждать",
      "note": "",
      "tags": []
    },
    {
      "text": "Встречать",
      "note": "",
      "tags": []
    },
    {
      "text": "Любить",
      "note": "",
      "tags": []
    },
    {
      "text": "Нравиться",
      "note": "",
      "tags": []
    },
    {
      "text": "Ненавидеть",
      "note": "",
      "tags": []
    },
    {
      "text": "Смеяться",
      "note": "",
      "tags": []
    },
    {
      "text": "Плакать",
      "note": "",
      "tags": []
    },
    {
      "text": "Идти пешком",
      "note": "",
      "tags": []
    },
    {
      "text": "Бежать",
      "note": "Бег",
      "tags": []
    },
    {
      "text": "Сидеть",
      "note": "",
      "tags": []
    },
    {
      "text": "Стоять",
      "note": "",
      "tags": []
    },
    {
      "text": "Давать",
      "note": "",
      "tags": []
    },
    {
      "text": "Получать",
      "note": "",
      "tags": []
    },
    {
      "text": "Открывать",
      "note": "",
      "tags": []
    },
    {
      "text": "Закрывать",
      "note": "",
      "tags": []
    },
    {
      "text": "Думать",
      "note": "",
      "tags": []
    },
    {
      "text": "Знать",
      "note": "",
      "tags": []
    },
    {
      "text": "Не знать",
      "note": "",
      "tags": []
    },
    {
      "text": "Искать / Находить",
      "note": "",
      "tags": []
    },
    {
      "text": "Терять",
      "note": "",
      "tags": []
    },
    {
      "text": "Помогать",
      "note": "",
      "tags": []
    },
    {
      "text": "Мыть",
      "note": "",
      "tags": []
    },
    {
      "text": "Готовить",
      "note": "",
      "tags": []
    },
    {
      "text": "Петь",
      "note": "",
      "tags": []
    },
    {
      "text": "Танцевать",
      "note": "",
      "tags": []
    },
    {
      "text": "Использовать",
      "note": "",
      "tags": []
    },
    {
      "text": "Делать",
      "note": "",
      "tags": []
    },
    {
      "text": "Звать / Петь",
      "note": "Песня / Имя",
      "tags": []
    },
    {
      "text": "Ловить / Держать",
      "note": "",
      "tags": []
    },
    {
      "text": "Класть / Оставлять",
      "note": "",
      "tags": []
    },
    {
      "text": "Входить",
      "note": "",
      "tags": []
    },
    {
      "text": "Выходить",
      "note": "",
      "tags": []
    },
    {
      "text": "Садиться",
      "note": "В транспорт",
      "tags": []
    },
    {
      "text": "Выходить",
      "note": "Из транспорта",
      "tags": []
    },
    {
      "text": "Посылать",
      "note": "",
      "tags": []
    },
    {
      "text": "Подавать",
      "note": "Подача",
      "tags": []
    },
    {
      "text": "Поживать",
      "note": "Приветствие",
      "tags": []
    },
    {
      "text": "Начинать",
      "note": "",
      "tags": []
    },
    {
      "text": "Заканчивать",
      "note": "",
      "tags": []
    },
    {
      "text": "Отдыхать",
      "note": "Отдых",
      "tags": []
    },
    {
      "text": "Спрашивать",
      "note": "Вопрос",
      "tags": []
    },
    {
      "text": "Отвечать",
      "note": "",
      "tags": []
    },
    {
      "text": "Обещать",
      "note": "",
      "tags": []
    },
    {
      "text": "Беспокоиться",
      "note": "",
      "tags": []
    },
    {
      "text": "Верить",
      "note": "",
      "tags": []
    },
    {
      "text": "Сомневаться",
      "note": "",
      "tags": []
    },
    {
      "text": "Желать / Надеяться",
      "note": "Надежда",
      "tags": []
    },
    {
      "text": "Мечтать",
      "note": "",
      "tags": []
    },
    {
      "text": "Ссориться",
      "note": "",
      "tags": []
    },
    {
      "text": "Побеждать",
      "note": "",
      "tags": []
    },
    {
      "text": "Проигрывать",
      "note": "Поражение",
      "tags": []
    },
    {
      "text": "Расти",
      "note": "Рост",
      "tags": []
    },
    {
      "text": "Жить",
      "note": "",
      "tags": []
    },
    {
      "text": "Умирать",
      "note": "",
      "tags": []
    },
    {
      "text": "Подбирать",
      "note": "",
      "tags": []
    },
    {
      "text": "Выбрасывать",
      "note": "",
      "tags": []
    },
    {
      "text": "Прятать",
      "note": "",
      "tags": []
    },
    {
      "text": "Искать",
      "note": "",
      "tags": []
    },
    {
      "text": "Выбирать",
      "note": "",
      "tags": []
    },
    {
      "text": "Менять",
      "note": "",
      "tags": []
    },
    {
      "text": "Заказывать",
      "note": "Покупка товаров",
      "tags": []
    },
    {
      "text": "Готовить",
      "note": "",
      "tags": []
    },
    {
      "text": "Ловить",
      "note": "",
      "tags": []
    },
    {
      "text": "Бросать",
      "note": "",
      "tags": []
    },
    {
      "text": "Тянуть",
      "note": "",
      "tags": []
    },
    {
      "text": "Толкать",
      "note": "",
      "tags": []
    },
    {
      "text": "Чинить",
      "note": "Ремонт",
      "tags": []
    },
    {
      "text": "Ломать",
      "note": "",
      "tags": []
    },
    {
      "text": "Болеть",
      "note": "",
      "tags": []
    },
    {
      "text": "Лечить",
      "note": "",
      "tags": []
    },
    {
      "text": "Тренироваться",
      "note": "",
      "tags": []
    },
    {
      "text": "Плавать",
      "note": "",
      "tags": []
    },
    {
      "text": "Путешествовать",
      "note": "",
      "tags": []
    },
    {
      "text": "Водить",
      "note": "",
      "tags": []
    },
    {
      "text": "Убираться",
      "note": "",
      "tags": []
    },
    {
      "text": "Мыть посуду",
      "note": "",
      "tags": []
    },
    {
      "text": "Стирать",
      "note": "",
      "tags": []
    },
    {
      "text": "Принимать душ",
      "note": "",
      "tags": []
    },
    {
      "text": "Чистить зубы",
      "note": "",
      "tags": []
    },
    {
      "text": "Просыпаться",
      "note": "Подъем",
      "tags": []
    },
    {
      "text": "Ложиться спать",
      "note": "Сон",
      "tags": []
    },
    {
      "text": "Понимать",
      "note": "",
      "tags": []
    },
    {
      "text": "Помнить",
      "note": "",
      "tags": []
    }
  ]
}