{
  "default_type": "word",
  "subject": "Mga Pangunahing Pangngalan 50",
  "pos": "noun",
  "entries": [
    {
      "text": "Tao",
      "note": "",
      "tags": []
    },
    {
      "text": "Tubig",
      "note": "Drinking water",
      "tags": []
    },
    {
      "text": "Kanin / Pagkain",
      "note": "Meal",
      "tags": []
    },
    {
      "text": "Tinapay",
      "note": "",
      "tags": []
    },
    {
      "text": "Mansanas",
      "note": "Fruit",
      "tags": []
    },
    {
      "text": "Gatas",
      "note": "",
      "tags": []
    },
    {
      "text": "Karné",
      "note": "",
      "tags": []
    },
    {
      "text": "Damit",
      "note": "",
      "tags": []
    },
    {
      "text": "Bahay",
      "note": "Housing",
      "tags": []
    },
    {
      "text": "Silid",
      "note": "",
      "tags": []
    },
    {
      "text": "Bintana",
      "note": "",
      "tags": []
    },
    {
      "text": "Pinto",
      "note": "Entrance",
      "tags": []
    },
    {
      "text": "Mesa",
      "note": "",
      "tags": []
    },
    {
      "text": "Silya",
      "note": "",
      "tags": []
    },
    {
      "text": "Kompyuter",
      "note": "",
      "tags": []
    },
    {
      "text": "Telepono",
      "note": "",
      "tags": []
    },
    {
      "text": "Aklat",
      "note": "Library",
      "tags": []
    },
    {
      "text": "Lapis",
      "note": "",
      "tags": []
    },
    {
      "text": "Papel",
      "note": "",
      "tags": []
    },
    {
      "text": "Bag",
      "note": "",
      "tags": []
    },
    {
      "text": "Paaralan",
      "note": "",
      "tags": []
    },
    {
      "text": "Kumpanya",
      "note": "",
      "tags": []
    },
    {
      "text": "Ospital",
      "note": "",
      "tags": []
    },
    {
      "text": "Parmasya",
      "note": "",
      "tags": []
    },
    {
      "text": "Restawran",
      "note": "",
      "tags": []
    },
    {
      "text": "Palengke",
      "note": "Marketplace",
      "tags": []
    },
    {
      "text": "Subway",
      "note": "",
      "tags": []
    },
    {
      "text": "Bus",
      "note": "",
      "tags": []
    },
    {
      "text": "Taxi",
      "note": "",
      "tags": []
    },
    {
      "text": "Eroplano",
      "note": "",
      "tags": []
    },
    {
      "text": "Tren",
      "note": "",
      "tags": []
    },
    {
      "text": "Bisikleta",
      "note": "",
      "tags": []
    },
    {
      "text": "Daan",
      "note": "Road",
      "tags": []
    },
    {
      "text": "Bundok",
      "note": "",
      "tags": []
    },
    {
      "text": "Dagat",
      "note": "",
      "tags": []
    },
    {
      "text": "Ilog",
      "note": "",
      "tags": []
    },
    {
      "text": "Langit",
      "note": "",
      "tags": []
    },
    {
      "text": "Araw / Taon",
      "note": "Sun / Year",
      "tags": []
    },
    {
      "text": "Buwan",
      "note": "Satellite",
      "tags": []
    },
    {
      "text": "Bituin",
      "note": "Celestial Body",
      "tags": []
    },
    {
      "text": "Puno",
      "note": "",
      "tags": []
    },
    {
      "text": "Bulaklak",
      "note": "",
      "tags": []
    },
    {
      "text": "Tuta",
      "note": "",
      "tags": []
    },
    {
      "text": "Pusa",
      "note": "",
      "tags": []
    },
    {
      "text": "Pera",
      "note": "Cash",
      "tags": []
    },
    {
      "text": "Oras",
      "note": "",
      "tags": []
    },
    {
      "text": "Ngayon",
      "note": "",
      "tags": []
    },
    {
      "text": "Bukas",
      "note": "",
      "tags": []
    },
    {
      "text": "Kahapon",
      "note": "",
      "tags": []
    },
    {
      "text": "Kaibigan",
      "note": "",
      "tags": []
    }
  ]
}