{
  "default_type": "word",
  "subject": "Негизги зат атоочтор 50",
  "pos": "noun",
  "entries": [
    {
      "text": "Адам",
      "note": "",
      "tags": []
    },
    {
      "text": "Суу",
      "note": "Ичүүчү суу",
      "tags": []
    },
    {
      "text": "Күрүч / Тамак",
      "note": "Тамак",
      "tags": []
    },
    {
      "text": "Нан",
      "note": "",
      "tags": []
    },
    {
      "text": "Алма",
      "note": "Мөмө-жемиш",
      "tags": []
    },
    {
      "text": "Сүт",
      "note": "",
      "tags": []
    },
    {
      "text": "Эт",
      "note": "",
      "tags": []
    },
    {
      "text": "Кийим",
      "note": "",
      "tags": []
    },
    {
      "text": "Үй",
      "note": "Тура жай",
      "tags": []
    },
    {
      "text": "Бөлмө",
      "note": "",
      "tags": []
    },
    {
      "text": "Терезе",
      "note": "",
      "tags": []
    },
    {
      "text": "Эшик",
      "note": "Кире бериш",
      "tags": []
    },
    {
      "text": "Парта",
      "note": "",
      "tags": []
    },
    {
      "text": "Орундук",
      "note": "",
      "tags": []
    },
    {
      "text": "Компьютер",
      "note": "",
      "tags": []
    },
    {
      "text": "Телефон",
      "note": "",
      "tags": []
    },
    {
      "text": "Китеп",
      "note": "Китепкана",
      "tags": []
    },
    {
      "text": "Калем сап",
      "note": "",
      "tags": []
    },
    {
      "text": "Кагаз",
      "note": "",
      "tags": []
    },
    {
      "text": "Сумка",
      "note": "",
      "tags": []
    },
    {
      "text": "Мектеп",
      "note": "",
      "tags": []
    },
    {
      "text": "Компания",
      "note": "",
      "tags": []
    },
    {
      "text": "Оорукана",
      "note": "",
      "tags": []
    },
    {
      "text": "Дарыкана",
      "note": "",
      "tags": []
    },
    {
      "text": "Ресторан",
      "note": "",
      "tags": []
    },
    {
      "text": "Базар",
      "note": "Соода жайы",
      "tags": []
    },
    {
      "text": "Метро",
      "note": "",
      "tags": []
    },
    {
      "text": "Автобус",
      "note": "",
      "tags": []
    },
    {
      "text": "Такси",
      "note": "",
      "tags": []
    },
    {
      "text": "Учак",
      "note": "",
      "tags": []
    },
    {
      "text": "Поезд",
      "note": "",
      "tags": []
    },
    {
      "text": "Велосипед",
      "note": "",
      "tags": []
    },
    {
      "text": "Жол",
      "note": "Жол",
      "tags": []
    },
    {
      "text": "Тоо",
      "note": "",
      "tags": []
    },
    {
      "text": "Деңиз",
      "note": "",
      "tags": []
    },
    {
      "text": "Дарыя",
      "note": "",
      "tags": []
    },
    {
      "text": "Асман",
      "note": "",
      "tags": []
    },
    {
      "text": "Күн / Жыл",
      "note": "Күн / Жыл",
      "tags": []
    },
    {
      "text": "Ай",
      "note": "Спутник",
      "tags": []
    },
    {
      "text": "Жылдыз",
      "note": "Асман телосу",
      "tags": []
    },
    {
      "text": "Дарак",
      "note": "",
      "tags": []
    },
    {
      "text": "Гүл",
      "note": "",
      "tags": []
    },
    {
      "text": "Күчүк",
      "note": "",
      "tags": []
    },
    {
      "text": "Мышык",
      "note": "",
      "tags": []
    },
    {
      "text": "Акча",
      "note": "Накталай",
      "tags": []
    },
    {
      "text": "Убакыт",
      "note": "",
      "tags": []
    },
    {
      "text": "Бүгүн",
      "note": "",
      "tags": []
    },
    {
      "text": "Эртең",
      "note": "",
      "tags": []
    },
    {
      "text": "Кечээ",
      "note": "",
      "tags": []
    },
    {
      "text": "Дос",
      "note": "",
      "tags": []
    }
  ]
}