{
  "default_type": "word",
  "subject": "Негизги этиштер 100",
  "pos": "verb",
  "entries": [
    {
      "text": "Бармак",
      "note": "",
      "tags": []
    },
    {
      "text": "Келмек",
      "note": "",
      "tags": []
    },
    {
      "text": "Жемек",
      "note": "",
      "tags": []
    },
    {
      "text": "Ичмек",
      "note": "",
      "tags": []
    },
    {
      "text": "Уктамак",
      "note": "",
      "tags": []
    },
    {
      "text": "Көрмөк",
      "note": "",
      "tags": []
    },
    {
      "text": "Сатып алмак",
      "note": "",
      "tags": []
    },
    {
      "text": "Сатмак",
      "note": "",
      "tags": []
    },
    {
      "text": "Окумак",
      "note": "",
      "tags": []
    },
    {
      "text": "Жазмак",
      "note": "Writing",
      "tags": []
    },
    {
      "text": "Укмак",
      "note": "",
      "tags": []
    },
    {
      "text": "Сүйлөмөк",
      "note": "",
      "tags": []
    },
    {
      "text": "Жасамак",
      "note": "",
      "tags": []
    },
    {
      "text": "Иштемек",
      "note": "",
      "tags": []
    },
    {
      "text": "Окумак",
      "note": "",
      "tags": []
    },
    {
      "text": "Окутмак",
      "note": "",
      "tags": []
    },
    {
      "text": "Үйрөнмөк",
      "note": "",
      "tags": []
    },
    {
      "text": "Күтмөк",
      "note": "",
      "tags": []
    },
    {
      "text": "Жолугушмак",
      "note": "",
      "tags": []
    },
    {
      "text": "Сүймөк",
      "note": "",
      "tags": []
    },
    {
      "text": "Жактырмак",
      "note": "",
      "tags": []
    },
    {
      "text": "Жактырбоо",
      "note": "",
      "tags": []
    },
    {
      "text": "Күлмөк",
      "note": "",
      "tags": []
    },
    {
      "text": "Ыйламак",
      "note": "",
      "tags": []
    },
    {
      "text": "Басмак",
      "note": "",
      "tags": []
    },
    {
      "text": "Чуркамак",
      "note": "Running",
      "tags": []
    },
    {
      "text": "Отурмак",
      "note": "",
      "tags": []
    },
    {
      "text": "Турмак",
      "note": "",
      "tags": []
    },
    {
      "text": "Бермек",
      "note": "",
      "tags": []
    },
    {
      "text": "Алмак",
      "note": "",
      "tags": []
    },
    {
      "text": "Ачмак",
      "note": "",
      "tags": []
    },
    {
      "text": "Жапмак",
      "note": "",
      "tags": []
    },
    {
      "text": "Ойлонмок",
      "note": "",
      "tags": []
    },
    {
      "text": "Билмек",
      "note": "",
      "tags": []
    },
    {
      "text": "Билбөө",
      "note": "",
      "tags": []
    },
    {
      "text": "Тапмак",
      "note": "",
      "tags": []
    },
    {
      "text": "Жоготмок",
      "note": "",
      "tags": []
    },
    {
      "text": "Жардам бермек",
      "note": "",
      "tags": []
    },
    {
      "text": "Жуума́к",
      "note": "",
      "tags": []
    },
    {
      "text": "Тамак жасамак",
      "note": "",
      "tags": []
    },
    {
      "text": "Ырдоо",
      "note": "",
      "tags": []
    },
    {
      "text": "Бийлемек",
      "note": "",
      "tags": []
    },
    {
      "text": "Колдонмок",
      "note": "",
      "tags": []
    },
    {
      "text": "Жасамак",
      "note": "",
      "tags": []
    },
    {
      "text": "Чакырмак",
      "note": "Song / Name",
      "tags": []
    },
    {
      "text": "Кармап калмак / у́стап турмак",
      "note": "",
      "tags": []
    },
    {
      "text": "Коймок / таштап кетмек",
      "note": "",
      "tags": []
    },
    {
      "text": "Кирмек",
      "note": "",
      "tags": []
    },
    {
      "text": "Чыкмак",
      "note": "",
      "tags": []
    },
    {
      "text": "Түшмөк",
      "note": "Boarding",
      "tags": []
    },
    {
      "text": "Түшмөк",
      "note": "Alighting",
      "tags": []
    },
    {
      "text": "Жөнөтмөк",
      "note": "",
      "tags": []
    },
    {
      "text": "Тапшырмак",
      "note": "Submission",
      "tags": []
    },
    {
      "text": "Тил табышмак",
      "note": "Greetings",
      "tags": []
    },
    {
      "text": "Баштамак",
      "note": "",
      "tags": []
    },
    {
      "text": "Аяктамак",
      "note": "",
      "tags": []
    },
    {
      "text": "Эс алмак",
      "note": "Relax",
      "tags": []
    },
    {
      "text": "Сурамак",
      "note": "Question",
      "tags": []
    },
    {
      "text": "Жооп бермек",
      "note": "",
      "tags": []
    },
    {
      "text": "Убада бермек",
      "note": "",
      "tags": []
    },
    {
      "text": "Кабатырланмак",
      "note": "",
      "tags": []
    },
    {
      "text": "Ишенмек",
      "note": "",
      "tags": []
    },
    {
      "text": "Күмөн санамак",
      "note": "",
      "tags": []
    },
    {
      "text": "Тилек кылмак / үмүт этмек",
      "note": "Hope",
      "tags": []
    },
    {
      "text": "Түш көрмөк",
      "note": "",
      "tags": []
    },
    {
      "text": "Мушташмак",
      "note": "",
      "tags": []
    },
    {
      "text": "Утмак",
      "note": "",
      "tags": []
    },
    {
      "text": "Утулуп калмак",
      "note": "Defeat",
      "tags": []
    },
    {
      "text": "Өсмөк",
      "note": "Growth",
      "tags": []
    },
    {
      "text": "Жашамак",
      "note": "",
      "tags": []
    },
    {
      "text": "Өлмөк",
      "note": "",
      "tags": []
    },
    {
      "text": "Жерден алмак",
      "note": "",
      "tags": []
    },
    {
      "text": "Таштап жибермек",
      "note": "",
      "tags": []
    },
    {
      "text": "Жашырынмак",
      "note": "",
      "tags": []
    },
    {
      "text": "Издемек",
      "note": "",
      "tags": []
    },
    {
      "text": "Тандамак",
      "note": "",
      "tags": []
    },
    {
      "text": "Өзгөртмөк",
      "note": "",
      "tags": []
    },
    {
      "text": "Заказ бермек",
      "note": "Buying items",
      "tags": []
    },
    {
      "text": "Даярдамак",
      "note": "",
      "tags": []
    },
    {
      "text": "Кармамак",
      "note": "",
      "tags": []
    },
    {
      "text": "Ыргытмак",
      "note": "",
      "tags": []
    },
    {
      "text": "Тартмак",
      "note": "",
      "tags": []
    },
    {
      "text": "Түртмөк",
      "note": "",
      "tags": []
    },
    {
      "text": "Оңдомок / ремонт кылмак",
      "note": "Repair",
      "tags": []
    },
    {
      "text": "Сындырмак",
      "note": "",
      "tags": []
    },
    {
      "text": "Оорумак / жаракат алмак",
      "note": "",
      "tags": []
    },
    {
      "text": "Дарылоо / айыктырмак",
      "note": "",
      "tags": []
    },
    {
      "text": "Көнүгүү жасамак",
      "note": "",
      "tags": []
    },
    {
      "text": "Сууда сүзмөк",
      "note": "",
      "tags": []
    },
    {
      "text": "Саякаттамак",
      "note": "",
      "tags": []
    },
    {
      "text": "Айдоо",
      "note": "",
      "tags": []
    },
    {
      "text": "Тазалоо",
      "note": "",
      "tags": []
    },
    {
      "text": "Идиш жуума́к",
      "note": "",
      "tags": []
    },
    {
      "text": "Кир жуума́к",
      "note": "",
      "tags": []
    },
    {
      "text": "Душка түшмөк",
      "note": "",
      "tags": []
    },
    {
      "text": "Тишти тазаламак",
      "note": "",
      "tags": []
    },
    {
      "text": "Ойгонмок",
      "note": "Wake up",
      "tags": []
    },
    {
      "text": "Уктаганы кетмек",
      "note": "Sleeping",
      "tags": []
    },
    {
      "text": "Түшүнмөк",
      "note": "",
      "tags": []
    },
    {
      "text": "Эстемек",
      "note": "",
      "tags": []
    }
  ]
}