{
  "default_type": "word",
  "subject": "۱۰۰ فعل اصلی",
  "pos": "verb",
  "entries": [
    {
      "text": "رفتن",
      "note": "",
      "tags": []
    },
    {
      "text": "آمدن",
      "note": "",
      "tags": []
    },
    {
      "text": "خوردن",
      "note": "",
      "tags": []
    },
    {
      "text": "نوشیدن",
      "note": "",
      "tags": []
    },
    {
      "text": "خوابیدن",
      "note": "",
      "tags": []
    },
    {
      "text": "دیدن",
      "note": "",
      "tags": []
    },
    {
      "text": "خریدن",
      "note": "",
      "tags": []
    },
    {
      "text": "فروختن",
      "note": "",
      "tags": []
    },
    {
      "text": "خواندن",
      "note": "",
      "tags": []
    },
    {
      "text": "نوشتن",
      "note": "نویسندگی",
      "tags": []
    },
    {
      "text": "شنیدن",
      "note": "",
      "tags": []
    },
    {
      "text": "صحبت کردن",
      "note": "",
      "tags": []
    },
    {
      "text": "انجام دادن",
      "note": "",
      "tags": []
    },
    {
      "text": "کار کردن",
      "note": "",
      "tags": []
    },
    {
      "text": "درس خواندن",
      "note": "",
      "tags": []
    },
    {
      "text": "یاد دادن",
      "note": "",
      "tags": []
    },
    {
      "text": "یاد گرفتن",
      "note": "",
      "tags": []
    },
    {
      "text": "منتظر ماندن",
      "note": "",
      "tags": []
    },
    {
      "text": "ملاقات کردن",
      "note": "",
      "tags": []
    },
    {
      "text": "دوست داشتن (عاشق بودن)",
      "note": "",
      "tags": []
    },
    {
      "text": "خوش آمدن",
      "note": "",
      "tags": []
    },
    {
      "text": "تنفر داشتن",
      "note": "",
      "tags": []
    },
    {
      "text": "خندیدن",
      "note": "",
      "tags": []
    },
    {
      "text": "گریه کردن",
      "note": "",
      "tags": []
    },
    {
      "text": "پیاده‌روی کردن",
      "note": "",
      "tags": []
    },
    {
      "text": "دویدن",
      "note": "دویدن",
      "tags": []
    },
    {
      "text": "نشستن",
      "note": "",
      "tags": []
    },
    {
      "text": "ایستادن",
      "note": "",
      "tags": []
    },
    {
      "text": "دادن",
      "note": "",
      "tags": []
    },
    {
      "text": "گرفتن (دریافت)",
      "note": "",
      "tags": []
    },
    {
      "text": "باز کردن",
      "note": "",
      "tags": []
    },
    {
      "text": "بستن",
      "note": "",
      "tags": []
    },
    {
      "text": "فکر کردن",
      "note": "",
      "tags": []
    },
    {
      "text": "دانستن",
      "note": "",
      "tags": []
    },
    {
      "text": "ندانستن",
      "note": "",
      "tags": []
    },
    {
      "text": "جستجو کردن / پیدا کردن",
      "note": "",
      "tags": []
    },
    {
      "text": "گم کردن",
      "note": "",
      "tags": []
    },
    {
      "text": "کمک کردن",
      "note": "",
      "tags": []
    },
    {
      "text": "شستن",
      "note": "",
      "tags": []
    },
    {
      "text": "آشپزی کردن",
      "note": "",
      "tags": []
    },
    {
      "text": "آواز خواندن",
      "note": "",
      "tags": []
    },
    {
      "text": "رقصیدن",
      "note": "",
      "tags": []
    },
    {
      "text": "استفاده کردن",
      "note": "",
      "tags": []
    },
    {
      "text": "درست کردن",
      "note": "",
      "tags": []
    },
    {
      "text": "صدا زدن / خواندن",
      "note": "آواز / نام",
      "tags": []
    },
    {
      "text": "نگه داشتن",
      "note": "",
      "tags": []
    },
    {
      "text": "گذاشتن / رها کردن",
      "note": "",
      "tags": []
    },
    {
      "text": "وارد شدن",
      "note": "",
      "tags": []
    },
    {
      "text": "خارج شدن",
      "note": "",
      "tags": []
    },
    {
      "text": "سوار شدن",
      "note": "وسایل نقلیه",
      "tags": []
    },
    {
      "text": "پیاده شدن",
      "note": "وسایل نقلیه",
      "tags": []
    },
    {
      "text": "فرستادن",
      "note": "",
      "tags": []
    },
    {
      "text": "ارائه دادن",
      "note": "ارائه",
      "tags": []
    },
    {
      "text": "زندگی کردن / گذراندن",
      "note": "احوالپرسی",
      "tags": []
    },
    {
      "text": "شروع کردن",
      "note": "",
      "tags": []
    },
    {
      "text": "تمام کردن",
      "note": "",
      "tags": []
    },
    {
      "text": "استراحت کردن",
      "note": "استراحت",
      "tags": []
    },
    {
      "text": "سوال کردن",
      "note": "سوال",
      "tags": []
    },
    {
      "text": "پاسخ دادن",
      "note": "",
      "tags": []
    },
    {
      "text": "قول دادن",
      "note": "",
      "tags": []
    },
    {
      "text": "نگران شدن",
      "note": "",
      "tags": []
    },
    {
      "text": "باور کردن",
      "note": "",
      "tags": []
    },
    {
      "text": "شک کردن",
      "note": "",
      "tags": []
    },
    {
      "text": "امیدوار بودن",
      "note": "امید",
      "tags": []
    },
    {
      "text": "خواب دیدن",
      "note": "",
      "tags": []
    },
    {
      "text": "دعوا کردن",
      "note": "",
      "tags": []
    },
    {
      "text": "برنده شدن",
      "note": "",
      "tags": []
    },
    {
      "text": "باختن",
      "note": "شکست",
      "tags": []
    },
    {
      "text": "بزرگ شدن",
      "note": "رشد",
      "tags": []
    },
    {
      "text": "زندگی کردن",
      "note": "",
      "tags": []
    },
    {
      "text": "مردن",
      "note": "",
      "tags": []
    },
    {
      "text": "برداشتن",
      "note": "",
      "tags": []
    },
    {
      "text": "دور انداختن",
      "note": "",
      "tags": []
    },
    {
      "text": "پنهان کردن",
      "note": "",
      "tags": []
    },
    {
      "text": "جستجو کردن",
      "note": "",
      "tags": []
    },
    {
      "text": "انتخاب کردن",
      "note": "",
      "tags": []
    },
    {
      "text": "تغییر دادن",
      "note": "",
      "tags": []
    },
    {
      "text": "سفارش دادن",
      "note": "خرید کالا",
      "tags": []
    },
    {
      "text": "آماده کردن",
      "note": "",
      "tags": []
    },
    {
      "text": "گرفتن (دستگیر کردن)",
      "note": "",
      "tags": []
    },
    {
      "text": "پرتاب کردن",
      "note": "",
      "tags": []
    },
    {
      "text": "کشیدن",
      "note": "",
      "tags": []
    },
    {
      "text": "هل دادن",
      "note": "",
      "tags": []
    },
    {
      "text": "تعمیر کردن",
      "note": "تعمیرات",
      "tags": []
    },
    {
      "text": "شکستن / خراب شدن",
      "note": "",
      "tags": []
    },
    {
      "text": "درد داشتن / مریض شدن",
      "note": "",
      "tags": []
    },
    {
      "text": "درمان کردن",
      "note": "",
      "tags": []
    },
    {
      "text": "ورزش کردن",
      "note": "",
      "tags": []
    },
    {
      "text": "شنا کردن",
      "note": "",
      "tags": []
    },
    {
      "text": "سفر کردن",
      "note": "",
      "tags": []
    },
    {
      "text": "رانندگی کردن",
      "note": "",
      "tags": []
    },
    {
      "text": "تمیز کردن",
      "note": "",
      "tags": []
    },
    {
      "text": "ظرف شستن",
      "note": "",
      "tags": []
    },
    {
      "text": "لباس شستن",
      "note": "",
      "tags": []
    },
    {
      "text": "حمام کردن",
      "note": "",
      "tags": []
    },
    {
      "text": "مسواک زدن",
      "note": "",
      "tags": []
    },
    {
      "text": "بیدار شدن",
      "note": "هوشیاری",
      "tags": []
    },
    {
      "text": "خوابیدن (به تخت رفتن)",
      "note": "خواب",
      "tags": []
    },
    {
      "text": "فهمیدن",
      "note": "",
      "tags": []
    },
    {
      "text": "به یاد آوردن",
      "note": "",
      "tags": []
    }
  ]
}