{
  "default_type": "word",
  "subject": "100 بنیادی افعال",
  "pos": "verb",
  "entries": [
    {
      "text": "جانا",
      "note": "",
      "tags": []
    },
    {
      "text": "آنا",
      "note": "",
      "tags": []
    },
    {
      "text": "کھانا",
      "note": "",
      "tags": []
    },
    {
      "text": "پینا",
      "note": "",
      "tags": []
    },
    {
      "text": "سونا",
      "note": "",
      "tags": []
    },
    {
      "text": "دیکھنا",
      "note": "",
      "tags": []
    },
    {
      "text": "خریدنا",
      "note": "",
      "tags": []
    },
    {
      "text": "بیچنا",
      "note": "",
      "tags": []
    },
    {
      "text": "پڑھنا",
      "note": "",
      "tags": []
    },
    {
      "text": "لکھنا",
      "note": "لکھائی",
      "tags": []
    },
    {
      "text": "سننا",
      "note": "",
      "tags": []
    },
    {
      "text": "بات کرنا",
      "note": "",
      "tags": []
    },
    {
      "text": "کرنا",
      "note": "",
      "tags": []
    },
    {
      "text": "کام کرنا",
      "note": "",
      "tags": []
    },
    {
      "text": "سیکھنا",
      "note": "",
      "tags": []
    },
    {
      "text": "سکھانا",
      "note": "",
      "tags": []
    },
    {
      "text": "مطالعہ کرنا",
      "note": "",
      "tags": []
    },
    {
      "text": "انتظار کرنا",
      "note": "",
      "tags": []
    },
    {
      "text": "ملنا",
      "note": "",
      "tags": []
    },
    {
      "text": "محبت کرنا (عشق)",
      "note": "",
      "tags": []
    },
    {
      "text": "پسند کرنا",
      "note": "",
      "tags": []
    },
    {
      "text": "نفرت کرنا",
      "note": "",
      "tags": []
    },
    {
      "text": "ہنسنا",
      "note": "",
      "tags": []
    },
    {
      "text": "رونا",
      "note": "",
      "tags": []
    },
    {
      "text": "چلنا",
      "note": "",
      "tags": []
    },
    {
      "text": "دوڑنا",
      "note": "دوڑ",
      "tags": []
    },
    {
      "text": "بیٹھنا",
      "note": "",
      "tags": []
    },
    {
      "text": "کھڑے ہونا",
      "note": "",
      "tags": []
    },
    {
      "text": "دینا",
      "note": "",
      "tags": []
    },
    {
      "text": "وصول کرنا",
      "note": "",
      "tags": []
    },
    {
      "text": "کھولنا",
      "note": "",
      "tags": []
    },
    {
      "text": "بند کرنا",
      "note": "",
      "tags": []
    },
    {
      "text": "سوچنا",
      "note": "",
      "tags": []
    },
    {
      "text": "جاننا",
      "note": "",
      "tags": []
    },
    {
      "text": "نہ جاننا",
      "note": "",
      "tags": []
    },
    {
      "text": "ڈھونڈنا / پانا",
      "note": "",
      "tags": []
    },
    {
      "text": "کھو دینا",
      "note": "",
      "tags": []
    },
    {
      "text": "مدد کرنا",
      "note": "",
      "tags": []
    },
    {
      "text": "دھونا",
      "note": "",
      "tags": []
    },
    {
      "text": "پکانا",
      "note": "",
      "tags": []
    },
    {
      "text": "گانا",
      "note": "",
      "tags": []
    },
    {
      "text": "ناچنا",
      "note": "",
      "tags": []
    },
    {
      "text": "استعمال کرنا",
      "note": "",
      "tags": []
    },
    {
      "text": "بنانا",
      "note": "",
      "tags": []
    },
    {
      "text": "پکارنا / گانا",
      "note": "گانا / نام",
      "tags": []
    },
    {
      "text": "پکڑنا",
      "note": "",
      "tags": []
    },
    {
      "text": "رکھنا / چھوڑنا",
      "note": "",
      "tags": []
    },
    {
      "text": "داخل ہونا",
      "note": "",
      "tags": []
    },
    {
      "text": "باہر نکلنا",
      "note": "",
      "tags": []
    },
    {
      "text": "سوار ہونا",
      "note": "گاڑی",
      "tags": []
    },
    {
      "text": "اترنا",
      "note": "گاڑی",
      "tags": []
    },
    {
      "text": "بھیجنا",
      "note": "",
      "tags": []
    },
    {
      "text": "پیش کرنا",
      "note": "پیش کش",
      "tags": []
    },
    {
      "text": "رہنا / سلام کرنا",
      "note": "سلام",
      "tags": []
    },
    {
      "text": "شروع کرنا",
      "note": "",
      "tags": []
    },
    {
      "text": "ختم کرنا",
      "note": "",
      "tags": []
    },
    {
      "text": "آرام کرنا",
      "note": "آرام",
      "tags": []
    },
    {
      "text": "پوچھنا",
      "note": "سوال",
      "tags": []
    },
    {
      "text": "جواب دینا",
      "note": "",
      "tags": []
    },
    {
      "text": "وعدہ کرنا",
      "note": "",
      "tags": []
    },
    {
      "text": "فکر کرنا",
      "note": "",
      "tags": []
    },
    {
      "text": "یقین کرنا",
      "note": "",
      "tags": []
    },
    {
      "text": "شک کرنا",
      "note": "",
      "tags": []
    },
    {
      "text": "امید کرنا",
      "note": "امید",
      "tags": []
    },
    {
      "text": "خواب دیکھنا",
      "note": "",
      "tags": []
    },
    {
      "text": "لڑنا",
      "note": "",
      "tags": []
    },
    {
      "text": "جیتنا",
      "note": "",
      "tags": []
    },
    {
      "text": "ہارنا",
      "note": "شکست",
      "tags": []
    },
    {
      "text": "بڑنا",
      "note": "نشوونما",
      "tags": []
    },
    {
      "text": "رہنا (زندگی)",
      "note": "",
      "tags": []
    },
    {
      "text": "مرنا",
      "note": "",
      "tags": []
    },
    {
      "text": "لینا",
      "note": "",
      "tags": []
    },
    {
      "text": "پھینکنا / چھٹکارا پانا",
      "note": "",
      "tags": []
    },
    {
      "text": "چھپنا",
      "note": "",
      "tags": []
    },
    {
      "text": "تلاش کرنا",
      "note": "",
      "tags": []
    },
    {
      "text": "منتخب کرنا",
      "note": "",
      "tags": []
    },
    {
      "text": "تبدیل کرنا",
      "note": "",
      "tags": []
    },
    {
      "text": "آرڈر دینا",
      "note": "سامان کی خریداری",
      "tags": []
    },
    {
      "text": "تیاری کرنا",
      "note": "",
      "tags": []
    },
    {
      "text": "پکڑنا (گرفتار)",
      "note": "",
      "tags": []
    },
    {
      "text": "پھینکنا",
      "note": "",
      "tags": []
    },
    {
      "text": "کھینچنا",
      "note": "",
      "tags": []
    },
    {
      "text": "دھکا دینا",
      "note": "",
      "tags": []
    },
    {
      "text": "مرمت کرنا",
      "note": "مرمت",
      "tags": []
    },
    {
      "text": "ٹوٹنا / خراب ہونا",
      "note": "",
      "tags": []
    },
    {
      "text": "درد ہونا / بیمار ہونا",
      "note": "",
      "tags": []
    },
    {
      "text": "علاج کرنا",
      "note": "",
      "tags": []
    },
    {
      "text": "ورزش کرنا",
      "note": "",
      "tags": []
    },
    {
      "text": "تیرنا",
      "note": "",
      "tags": []
    },
    {
      "text": "سفر کرنا",
      "note": "",
      "tags": []
    },
    {
      "text": "گاڑی چلانا",
      "note": "",
      "tags": []
    },
    {
      "text": "صفائی کرنا",
      "note": "",
      "tags": []
    },
    {
      "text": "برتن دھونا",
      "note": "",
      "tags": []
    },
    {
      "text": "کپڑے دھونا",
      "note": "",
      "tags": []
    },
    {
      "text": "نہانا",
      "note": "",
      "tags": []
    },
    {
      "text": "برش کرنا",
      "note": "",
      "tags": []
    },
    {
      "text": "جاگنا",
      "note": "بیداری",
      "tags": []
    },
    {
      "text": "سونا (بیڈ پر جانا)",
      "note": "نیند",
      "tags": []
    },
    {
      "text": "سمجھنا",
      "note": "",
      "tags": []
    },
    {
      "text": "یاد کرنا",
      "note": "",
      "tags": []
    }
  ]
}