{
  "default_type": "word",
  "subject": "५० आधारभूत नामहरू",
  "pos": "noun",
  "entries": [
    {
      "text": "म",
      "note": "",
      "tags": []
    },
    {
      "text": "तपाईं / तिमी",
      "note": "",
      "tags": []
    },
    {
      "text": "yo (यो)",
      "note": "",
      "tags": []
    },
    {
      "text": "tyo (त्यो)",
      "note": "",
      "tags": []
    },
    {
      "text": "को",
      "note": "",
      "tags": []
    },
    {
      "text": "के",
      "note": "",
      "tags": []
    },
    {
      "text": "कहाँ",
      "note": "",
      "tags": []
    },
    {
      "text": "कहिले",
      "note": "",
      "tags": []
    },
    {
      "text": "किन",
      "note": "",
      "tags": []
    },
    {
      "text": "कसरी",
      "note": "",
      "tags": []
    },
    {
      "text": "मान्छेहरू",
      "note": "",
      "tags": []
    },
    {
      "text": "साथी",
      "note": "",
      "tags": []
    },
    {
      "text": "परिवार",
      "note": "",
      "tags": []
    },
    {
      "text": "नाम",
      "note": "",
      "tags": []
    },
    {
      "text": "घर",
      "note": "",
      "tags": []
    },
    {
      "text": "विद्यालय",
      "note": "",
      "tags": []
    },
    {
      "text": "कम्पनी",
      "note": "",
      "tags": []
    },
    {
      "text": "अस्पताल",
      "note": "",
      "tags": []
    },
    {
      "text": "बजार",
      "note": "",
      "tags": []
    },
    {
      "text": "रेस्टुरेन्ट",
      "note": "",
      "tags": []
    },
    {
      "text": "कफी पसल",
      "note": "",
      "tags": []
    },
    {
      "text": "शौचालय",
      "note": "",
      "tags": []
    },
    {
      "text": "किताब",
      "note": "",
      "tags": []
    },
    {
      "text": "पानी",
      "note": "",
      "tags": []
    },
    {
      "text": "खाना",
      "note": "",
      "tags": []
    },
    {
      "text": "पैसा",
      "note": "",
      "tags": []
    },
    {
      "text": "लुगा",
      "note": "",
      "tags": []
    },
    {
      "text": "जुत्ता",
      "note": "",
      "tags": []
    },
    {
      "text": "झोला",
      "note": "",
      "tags": []
    },
    {
      "text": "घडी",
      "note": "",
      "tags": []
    },
    {
      "text": "फोन",
      "note": "",
      "tags": []
    },
    {
      "text": "कम्प्युटर",
      "note": "",
      "tags": []
    },
    {
      "text": "गाडी",
      "note": "",
      "tags": []
    },
    {
      "text": "चन्द्रमा",
      "note": "चन्द्र",
      "tags": []
    },
    {
      "text": "तारा",
      "note": "अन्तरिक्ष",
      "tags": []
    },
    {
      "text": "घाम / सूर्य",
      "note": "",
      "tags": []
    },
    {
      "text": "आकाश",
      "note": "",
      "tags": []
    },
    {
      "text": "समुद्र",
      "note": "",
      "tags": []
    },
    {
      "text": "पहाड",
      "note": "",
      "tags": []
    },
    {
      "text": "फूल",
      "note": "",
      "tags": []
    },
    {
      "text": "रूख",
      "note": "",
      "tags": []
    },
    {
      "text": "कुकुर",
      "note": "",
      "tags": []
    },
    {
      "text": "बिरालो",
      "note": "",
      "tags": []
    },
    {
      "text": "आज",
      "note": "",
      "tags": []
    },
    {
      "text": "भोलि",
      "note": "",
      "tags": []
    },
    {
      "text": "हिजो",
      "note": "",
      "tags": []
    },
    {
      "text": "अहिले",
      "note": "",
      "tags": []
    },
    {
      "text": "समय",
      "note": "",
      "tags": []
    },
    {
      "text": "दिन",
      "note": "",
      "tags": []
    },
    {
      "text": "रात",
      "note": "",
      "tags": []
    }
  ]
}