{
  "default_type": "word",
  "subject": "१०० आधारभूत क्रियाहरू",
  "pos": "verb",
  "entries": [
    {
      "text": "जानु",
      "note": "",
      "tags": []
    },
    {
      "text": "आउनु",
      "note": "",
      "tags": []
    },
    {
      "text": "खानु",
      "note": "",
      "tags": []
    },
    {
      "text": "पिउनु",
      "note": "",
      "tags": []
    },
    {
      "text": "सुत्नु",
      "note": "",
      "tags": []
    },
    {
      "text": "हेर्नु",
      "note": "",
      "tags": []
    },
    {
      "text": "किन्नु",
      "note": "",
      "tags": []
    },
    {
      "text": "बेच्नु",
      "note": "",
      "tags": []
    },
    {
      "text": "पढ्नु",
      "note": "",
      "tags": []
    },
    {
      "text": "लेख्नु",
      "note": "लेखन",
      "tags": []
    },
    {
      "text": "सुन्नु",
      "note": "",
      "tags": []
    },
    {
      "text": "बोल्नु",
      "note": "",
      "tags": []
    },
    {
      "text": "गर्नु",
      "note": "",
      "tags": []
    },
    {
      "text": "काम गर्नु",
      "note": "",
      "tags": []
    },
    {
      "text": "अध्ययन गर्नु",
      "note": "",
      "tags": []
    },
    {
      "text": "सिकाउनु",
      "note": "",
      "tags": []
    },
    {
      "text": "सिक्नु",
      "note": "",
      "tags": []
    },
    {
      "text": "पर्खनु",
      "note": "",
      "tags": []
    },
    {
      "text": "भेट्नु",
      "note": "",
      "tags": []
    },
    {
      "text": "माया गर्नु",
      "note": "",
      "tags": []
    },
    {
      "text": "मन पराउनु",
      "note": "",
      "tags": []
    },
    {
      "text": "घृणा गर्नु",
      "note": "",
      "tags": []
    },
    {
      "text": "हाँस्नु",
      "note": "",
      "tags": []
    },
    {
      "text": "रुनु",
      "note": "",
      "tags": []
    },
    {
      "text": "हिँड्नु",
      "note": "",
      "tags": []
    },
    {
      "text": "दौडनु",
      "note": "दौड",
      "tags": []
    },
    {
      "text": "बस्नु",
      "note": "",
      "tags": []
    },
    {
      "text": "उभिनु",
      "note": "",
      "tags": []
    },
    {
      "text": "दिनु",
      "note": "",
      "tags": []
    },
    {
      "text": "पाउनु / प्राप्त गर्नु",
      "note": "",
      "tags": []
    },
    {
      "text": "खोल्नु",
      "note": "",
      "tags": []
    },
    {
      "text": "बन्द गर्नु",
      "note": "",
      "tags": []
    },
    {
      "text": "सोच्नु",
      "note": "",
      "tags": []
    },
    {
      "text": "जान्नु / थाहा पाउनु",
      "note": "",
      "tags": []
    },
    {
      "text": "थाहा नपाउनु",
      "note": "",
      "tags": []
    },
    {
      "text": "खोज्नु / पाउनु",
      "note": "",
      "tags": []
    },
    {
      "text": "हराउनु",
      "note": "",
      "tags": []
    },
    {
      "text": "मद्दत गर्नु",
      "note": "",
      "tags": []
    },
    {
      "text": "धुुनु",
      "note": "",
      "tags": []
    },
    {
      "text": "पकाउनु",
      "note": "",
      "tags": []
    },
    {
      "text": "गाउनु",
      "note": "",
      "tags": []
    },
    {
      "text": "नाच्नु",
      "note": "",
      "tags": []
    },
    {
      "text": "प्रयोग गर्नु",
      "note": "",
      "tags": []
    },
    {
      "text": "बनाउनु",
      "note": "",
      "tags": []
    },
    {
      "text": "बोलाउनु / गाउनु",
      "note": "गीत / नाम",
      "tags": []
    },
    {
      "text": "समात्नु",
      "note": "",
      "tags": []
    },
    {
      "text": "राख्नु / छोड्नु",
      "note": "",
      "tags": []
    },
    {
      "text": "प्रवेश गर्नु",
      "note": "",
      "tags": []
    },
    {
      "text": "बाहिर जानु",
      "note": "",
      "tags": []
    },
    {
      "text": "चढ्नु",
      "note": "सवारी साधन",
      "tags": []
    },
    {
      "text": "ओर्लनु",
      "note": "सवारी साधन",
      "tags": []
    },
    {
      "text": "पठाउनु",
      "note": "",
      "tags": []
    },
    {
      "text": "बुझाउनु",
      "note": "बुझाउने",
      "tags": []
    },
    {
      "text": "सन्चै हुनुहुन्छ",
      "note": "अभिवादन",
      "tags": []
    },
    {
      "text": "सुरु गर्नु",
      "note": "",
      "tags": []
    },
    {
      "text": "सकाउनु",
      "note": "",
      "tags": []
    },
    {
      "text": "आराम गर्नु",
      "note": "आराम",
      "tags": []
    },
    {
      "text": "सोध्नु",
      "note": "प्रश्न",
      "tags": []
    },
    {
      "text": "जवाफ दिनु",
      "note": "",
      "tags": []
    },
    {
      "text": "कसम खानु / वाचा गर्नु",
      "note": "",
      "tags": []
    },
    {
      "text": "चिन्ता गर्नु",
      "note": "",
      "tags": []
    },
    {
      "text": "विश्वास गर्नु",
      "note": "",
      "tags": []
    },
    {
      "text": "शंका गर्नु",
      "note": "",
      "tags": []
    },
    {
      "text": "इच्छा / आशा गर्नु",
      "note": "आशा",
      "tags": []
    },
    {
      "text": "सपना देख्नु",
      "note": "",
      "tags": []
    },
    {
      "text": "लड्नु / झगडा गर्नु",
      "note": "",
      "tags": []
    },
    {
      "text": "जित्नु",
      "note": "",
      "tags": []
    },
    {
      "text": "हार्नु",
      "note": "हार",
      "tags": []
    },
    {
      "text": "बढ्नु",
      "note": "वृद्धि",
      "tags": []
    },
    {
      "text": "बाँच्नु / रहनु",
      "note": "",
      "tags": []
    },
    {
      "text": "मर्नु",
      "note": "",
      "tags": []
    },
    {
      "text": "टिप्नु",
      "note": "",
      "tags": []
    },
    {
      "text": "फाल्नु",
      "note": "",
      "tags": []
    },
    {
      "text": "लुकाउनु",
      "note": "",
      "tags": []
    },
    {
      "text": "खोज्नु",
      "note": "",
      "tags": []
    },
    {
      "text": "छान्नु",
      "note": "",
      "tags": []
    },
    {
      "text": "बदल्नु",
      "note": "",
      "tags": []
    },
    {
      "text": "अर्डर गर्नु",
      "note": "सामान खरिद",
      "tags": []
    },
    {
      "text": "तयारी गर्नु",
      "note": "",
      "tags": []
    },
    {
      "text": "समात्नु",
      "note": "",
      "tags": []
    },
    {
      "text": "फाल्नु (हिर्काउनु)",
      "note": "",
      "tags": []
    },
    {
      "text": "तान्नु",
      "note": "",
      "tags": []
    },
    {
      "text": "धकेल्नु",
      "note": "",
      "tags": []
    },
    {
      "text": "मर्मत गर्नु",
      "note": "मर्मत",
      "tags": []
    },
    {
      "text": "भाँच्नु / टुट्नु",
      "note": "",
      "tags": []
    },
    {
      "text": "बिरामी हुनु / दुख्नु",
      "note": "",
      "tags": []
    },
    {
      "text": "उपचार गर्नु",
      "note": "",
      "tags": []
    },
    {
      "text": "कसरत गर्नु",
      "note": "",
      "tags": []
    },
    {
      "text": "पौडिनु",
      "note": "",
      "tags": []
    },
    {
      "text": "यात्रा गर्नु",
      "note": "",
      "tags": []
    },
    {
      "text": "गाडी चलाउनु",
      "note": "",
      "tags": []
    },
    {
      "text": "सफाइ गर्नु",
      "note": "",
      "tags": []
    },
    {
      "text": "भाँडा माझ्नु",
      "note": "",
      "tags": []
    },
    {
      "text": "लुगा धुनु",
      "note": "",
      "tags": []
    },
    {
      "text": "नुहाउनु",
      "note": "",
      "tags": []
    },
    {
      "text": "दाँत माझ्नु",
      "note": "",
      "tags": []
    },
    {
      "text": "ब्युँझनु / उठ्नु",
      "note": "ब्युँझनु",
      "tags": []
    },
    {
      "text": "सुत्न जानु",
      "note": "निद्रा",
      "tags": []
    },
    {
      "text": "बुझ्नु",
      "note": "",
      "tags": []
    },
    {
      "text": "सम्झनु",
      "note": "",
      "tags": []
    }
  ]
}