{
  "default_type": "word",
  "subject": "རྨང་གཞིའི་མིང་ཚིག་ ༥༠",
  "pos": "noun",
  "entries": [
    {
      "text": "མི",
      "note": "",
      "tags": []
    },
    {
      "text": "ཆུ།",
      "note": "Drinking water",
      "tags": []
    },
    {
      "text": "འབྲས/ཟས།",
      "note": "Meal",
      "tags": []
    },
    {
      "text": "བག་ལེབ།",
      "note": "",
      "tags": []
    },
    {
      "text": "ཀུ་ཤུ།",
      "note": "Fruit",
      "tags": []
    },
    {
      "text": "འོ་མ།",
      "note": "",
      "tags": []
    },
    {
      "text": "ཤ།",
      "note": "",
      "tags": []
    },
    {
      "text": "གྱོན་ཆས།",
      "note": "",
      "tags": []
    },
    {
      "text": "ཁྱིམ།",
      "note": "Housing",
      "tags": []
    },
    {
      "text": "ཁང༌མིག",
      "note": "",
      "tags": []
    },
    {
      "text": "སྒེའུ་ཁུང་།",
      "note": "",
      "tags": []
    },
    {
      "text": "སྒོ།",
      "note": "Entrance",
      "tags": []
    },
    {
      "text": "ཅོག་ཙེ།",
      "note": "",
      "tags": []
    },
    {
      "text": "རྐུབ་སྟེགས།",
      "note": "",
      "tags": []
    },
    {
      "text": "གློག་ཀླད།",
      "note": "",
      "tags": []
    },
    {
      "text": "ཁ་པར།",
      "note": "",
      "tags": []
    },
    {
      "text": "དེབ་",
      "note": "Library",
      "tags": []
    },
    {
      "text": "ཞ་སྨྱུག",
      "note": "",
      "tags": []
    },
    {
      "text": "ཤོག་བུ།",
      "note": "",
      "tags": []
    },
    {
      "text": "ཁུག་མ།",
      "note": "",
      "tags": []
    },
    {
      "text": "སློབ་གྲྭ",
      "note": "",
      "tags": []
    },
    {
      "text": "ཀམ་པནི།",
      "note": "",
      "tags": []
    },
    {
      "text": "སྨན་ཁང་།",
      "note": "",
      "tags": []
    },
    {
      "text": "སྨན་ཚོང་ཁང་།",
      "note": "",
      "tags": []
    },
    {
      "text": "ཟ་ཁང་།",
      "note": "",
      "tags": []
    },
    {
      "text": "ཁྲོམ་ར",
      "note": "Marketplace",
      "tags": []
    },
    {
      "text": "ས་འོག་ལྕགས་ལམ།",
      "note": "",
      "tags": []
    },
    {
      "text": "སྤྱི་སྤྱོད་རླངས་འཁོར།",
      "note": "",
      "tags": []
    },
    {
      "text": " කුලී රථය",
      "note": "",
      "tags": []
    },
    {
      "text": "གནམ་གྲུ།",
      "note": "",
      "tags": []
    },
    {
      "text": "མེ་འཁོར།",
      "note": "",
      "tags": []
    },
    {
      "text": "རྐང་འཁོར།",
      "note": "",
      "tags": []
    },
    {
      "text": "ལམ།",
      "note": "Road",
      "tags": []
    },
    {
      "text": "རི་",
      "note": "",
      "tags": []
    },
    {
      "text": "རྒྱ་མཚོ།",
      "note": "",
      "tags": []
    },
    {
      "text": "གཙང་པོ།",
      "note": "",
      "tags": []
    },
    {
      "text": "ནམ་མཁའ།",
      "note": "",
      "tags": []
    },
    {
      "text": "ཉི་མ/ལོ།",
      "note": "Sun / Year",
      "tags": []
    },
    {
      "text": "ཟླ་བ།",
      "note": "Satellite",
      "tags": []
    },
    {
      "text": "སྐར་མ།",
      "note": "Celestial Body",
      "tags": []
    },
    {
      "text": "ཤིང་སྡོང་།",
      "note": "",
      "tags": []
    },
    {
      "text": "མེ་ཏོག",
      "note": "",
      "tags": []
    },
    {
      "text": "ཁྱི་ཕྲུག",
      "note": "",
      "tags": []
    },
    {
      "text": "ཞི་མི།",
      "note": "",
      "tags": []
    },
    {
      "text": "དངུལ།",
      "note": "Cash",
      "tags": []
    },
    {
      "text": "དུས་ཚོད།",
      "note": "",
      "tags": []
    },
    {
      "text": "དེ་རིང་།",
      "note": "",
      "tags": []
    },
    {
      "text": "སང་ཉིན།",
      "note": "",
      "tags": []
    },
    {
      "text": "ཁ་སང་།",
      "note": "",
      "tags": []
    },
    {
      "text": "གྲོགས་པོ།",
      "note": "",
      "tags": []
    }
  ]
}