{
  "default_type": "word",
  "subject": "50 Amabizo Ayisisekelo",
  "pos": "noun",
  "entries": [
    {
      "text": "mina",
      "note": "",
      "tags": []
    },
    {
      "text": "wena",
      "note": "",
      "tags": []
    },
    {
      "text": "lokhu",
      "note": "",
      "tags": []
    },
    {
      "text": "lowo / leya",
      "note": "",
      "tags": []
    },
    {
      "text": "ubani",
      "note": "",
      "tags": []
    },
    {
      "text": "ini",
      "note": "",
      "tags": []
    },
    {
      "text": "kuphi",
      "note": "",
      "tags": []
    },
    {
      "text": "nini",
      "note": "",
      "tags": []
    },
    {
      "text": "kungani",
      "note": "",
      "tags": []
    },
    {
      "text": "kanjani",
      "note": "",
      "tags": []
    },
    {
      "text": "umuntu",
      "note": "",
      "tags": []
    },
    {
      "text": "umngane",
      "note": "",
      "tags": []
    },
    {
      "text": "umndeni",
      "note": "",
      "tags": []
    },
    {
      "text": "igama",
      "note": "",
      "tags": []
    },
    {
      "text": "indlu",
      "note": "",
      "tags": []
    },
    {
      "text": "isikole",
      "note": "",
      "tags": []
    },
    {
      "text": "inkampani",
      "note": "",
      "tags": []
    },
    {
      "text": "isibhedlela",
      "note": "",
      "tags": []
    },
    {
      "text": "imakethe",
      "note": "",
      "tags": []
    },
    {
      "text": "indawo yokudlela",
      "note": "",
      "tags": []
    },
    {
      "text": "ikhefi",
      "note": "",
      "tags": []
    },
    {
      "text": "indlu yangasese",
      "note": "",
      "tags": []
    },
    {
      "text": "incwadi",
      "note": "",
      "tags": []
    },
    {
      "text": "amanzi",
      "note": "",
      "tags": []
    },
    {
      "text": "ukudla",
      "note": "",
      "tags": []
    },
    {
      "text": "imali",
      "note": "",
      "tags": []
    },
    {
      "text": "izingubo",
      "note": "",
      "tags": []
    },
    {
      "text": "izicathulo",
      "note": "",
      "tags": []
    },
    {
      "text": "isikhwama",
      "note": "",
      "tags": []
    },
    {
      "text": "iwashi",
      "note": "",
      "tags": []
    },
    {
      "text": "ucingo",
      "note": "",
      "tags": []
    },
    {
      "text": "ikhompuyutha",
      "note": "",
      "tags": []
    },
    {
      "text": "imoto",
      "note": "",
      "tags": []
    },
    {
      "text": "inyanga",
      "note": "inyanga",
      "tags": []
    },
    {
      "text": "inkanyezi",
      "note": "inkanyezi",
      "tags": []
    },
    {
      "text": "ilanga",
      "note": "",
      "tags": []
    },
    {
      "text": "isibhakabhaka",
      "note": "",
      "tags": []
    },
    {
      "text": "ulwandle",
      "note": "",
      "tags": []
    },
    {
      "text": "intaba",
      "note": "",
      "tags": []
    },
    {
      "text": "imbali",
      "note": "",
      "tags": []
    },
    {
      "text": "isihlahla",
      "note": "",
      "tags": []
    },
    {
      "text": "inja",
      "note": "",
      "tags": []
    },
    {
      "text": "ikati",
      "note": "",
      "tags": []
    },
    {
      "text": "namhlanje",
      "note": "",
      "tags": []
    },
    {
      "text": "kusasa",
      "note": "",
      "tags": []
    },
    {
      "text": "izolo",
      "note": "",
      "tags": []
    },
    {
      "text": "manje",
      "note": "",
      "tags": []
    },
    {
      "text": "isikhathi",
      "note": "",
      "tags": []
    },
    {
      "text": "emini / usuku",
      "note": "",
      "tags": []
    },
    {
      "text": "ebusuku",
      "note": "",
      "tags": []
    }
  ]
}