{
  "default_type": "sentence",
  "subject": "인사 1",
  "entries": [
    {
      "text": "안녕하세요.",
      "note": "가장 일반적인 인사",
      "form_type": "평서문",
      "style": "높임말",
      "tags": [
        "인사",
        "기초"
      ]
    },
    {
      "text": "만나서 반가워요.",
      "note": "초면 인사",
      "form_type": "평서문",
      "style": "높임말",
      "tags": [
        "인사",
        "소개"
      ]
    },
    {
      "text": "오랜만이에요.",
      "note": "재회 인사",
      "form_type": "평서문",
      "style": "높임말",
      "tags": [
        "인사",
        "재회"
      ]
    },
    {
      "text": "감사합니다.",
      "note": "고마움 표현",
      "form_type": "평서문",
      "style": "높임말",
      "tags": [
        "감사",
        "필수"
      ]
    },
    {
      "text": "죄송합니다.",
      "note": "사과 표현",
      "form_type": "평서문",
      "style": "높임말",
      "tags": [
        "사과",
        "필수"
      ]
    },
    {
      "text": "실례합니다.",
      "note": "부탁/방해 양해",
      "form_type": "평서문",
      "style": "높임말",
      "tags": [
        "예절",
        "주의"
      ]
    },
    {
      "text": "어떻게 지내세요?",
      "note": "안부 묻기",
      "form_type": "의문문",
      "style": "높임말",
      "tags": [
        "인사",
        "대화"
      ]
    },
    {
      "text": "잘 지내요, 감사합니다.",
      "note": "안부 답변",
      "form_type": "평서문",
      "style": "높임말",
      "tags": [
        "답변",
        "기초"
      ]
    },
    {
      "text": "이름이 뭐예요?",
      "note": "성명 확인",
      "form_type": "의문문",
      "style": "높임말",
      "tags": [
        "질문",
        "소개"
      ]
    },
    {
      "text": "제 이름은 ...입니다.",
      "note": "자기 소개",
      "form_type": "평서문",
      "style": "높임말",
      "tags": [
        "소개",
        "정보"
      ]
    },
    {
      "text": "어디에서 왔어요?",
      "note": "출신지 확인",
      "form_type": "의문문",
      "style": "높임말",
      "tags": [
        "질문",
        "소개"
      ]
    },
    {
      "text": "미국에서 왔어요.",
      "note": "출신 답변",
      "form_type": "평서문",
      "style": "높임말",
      "tags": [
        "답변"
      ]
    },
    {
      "text": "안녕히 가세요.",
      "note": "떠나는 사람에게",
      "form_type": "명령문",
      "style": "높임말",
      "tags": [
        "인사",
        "작별"
      ]
    },
    {
      "text": "안녕히 계세요.",
      "note": "남는 사람에게",
      "form_type": "명령문",
      "style": "높임말",
      "tags": [
        "인사",
        "작별"
      ]
    },
    {
      "text": "네.",
      "note": "긍정/확인",
      "form_type": "평서문",
      "style": "높임말",
      "tags": [
        "긍정",
        "기초"
      ]
    },
    {
      "text": "아니요.",
      "note": "부정/거절",
      "form_type": "평서문",
      "style": "높임말",
      "tags": [
        "부정",
        "기초"
      ]
    },
    {
      "text": "아마도요.",
      "note": "불확실한 답변",
      "form_type": "평서문",
      "style": "높임말",
      "tags": [
        "추측",
        "답변"
      ]
    },
    {
      "text": "이해해요.",
      "note": "의미 파악 완료",
      "form_type": "평서문",
      "style": "높임말",
      "tags": [
        "소통"
      ]
    },
    {
      "text": "모르겠어요.",
      "note": "정보 없음",
      "form_type": "평서문",
      "style": "높임말",
      "tags": [
        "부정",
        "소통"
      ]
    },
    {
      "text": "도와주세요.",
      "note": "도움 요청",
      "form_type": "명령문",
      "style": "높임말",
      "tags": [
        "요청",
        "필수"
      ]
    },
    {
      "text": "잠시만요.",
      "note": "기다림 요청",
      "form_type": "명령문",
      "style": "높임말",
      "tags": [
        "요청",
        "예절"
      ]
    },
    {
      "text": "이거 얼마예요?",
      "note": "가격 문의",
      "form_type": "의문문",
      "style": "높임말",
      "tags": [
        "쇼핑",
        "질문"
      ]
    },
    {
      "text": "화장실이 어디예요?",
      "note": "위치 문의",
      "form_type": "의문문",
      "style": "높임말",
      "tags": [
        "필수",
        "질문"
      ]
    },
    {
      "text": "배고파요.",
      "note": "신체 상태",
      "form_type": "평서문",
      "style": "높임말",
      "tags": [
        "감정",
        "욕구"
      ]
    },
    {
      "text": "목말라요.",
      "note": "신체 상태",
      "form_type": "평서문",
      "style": "높임말",
      "tags": [
        "감정",
        "욕구"
      ]
    },
    {
      "text": "맛있어요.",
      "note": "음식 맛 평가",
      "form_type": "평서문",
      "style": "높임말",
      "tags": [
        "음식",
        "감상"
      ]
    }
  ]
}