{
  "default_type": "word",
  "subject": "100 ప్రాథమిక క్రియలు",
  "pos": "verb",
  "entries": [
    {
      "text": "వెళ్ళు",
      "note": "",
      "tags": []
    },
    {
      "text": "రా",
      "note": "",
      "tags": []
    },
    {
      "text": "తిను",
      "note": "",
      "tags": []
    },
    {
      "text": "తాగు",
      "note": "",
      "tags": []
    },
    {
      "text": "నిద్రించు",
      "note": "",
      "tags": []
    },
    {
      "text": "చూడు",
      "note": "",
      "tags": []
    },
    {
      "text": "కొను",
      "note": "",
      "tags": []
    },
    {
      "text": "அమ్ము",
      "note": "",
      "tags": []
    },
    {
      "text": "చదువు",
      "note": "",
      "tags": []
    },
    {
      "text": "రాయి",
      "note": "రాత",
      "tags": []
    },
    {
      "text": "విను",
      "note": "",
      "tags": []
    },
    {
      "text": "మాట్లాడు",
      "note": "",
      "tags": []
    },
    {
      "text": "చేయు",
      "note": "",
      "tags": []
    },
    {
      "text": "పని చేయు",
      "note": "",
      "tags": []
    },
    {
      "text": "అభ్యసించు",
      "note": "",
      "tags": []
    },
    {
      "text": "నేర్పించు",
      "note": "",
      "tags": []
    },
    {
      "text": "నేర్చుకో",
      "note": "",
      "tags": []
    },
    {
      "text": "వేచి ఉండు",
      "note": "",
      "tags": []
    },
    {
      "text": "కలువు",
      "note": "",
      "tags": []
    },
    {
      "text": "ప్రేమించు",
      "note": "",
      "tags": []
    },
    {
      "text": "ఇష్టపడు",
      "note": "",
      "tags": []
    },
    {
      "text": "ద్వేషించు",
      "note": "",
      "tags": []
    },
    {
      "text": "నవ్వు",
      "note": "",
      "tags": []
    },
    {
      "text": "ఏడువు",
      "note": "",
      "tags": []
    },
    {
      "text": "నడువు",
      "note": "",
      "tags": []
    },
    {
      "text": "పరుగెత్తు",
      "note": "పరుగు",
      "tags": []
    },
    {
      "text": "కూర్చో",
      "note": "",
      "tags": []
    },
    {
      "text": "నిలబడు",
      "note": "",
      "tags": []
    },
    {
      "text": "ఇవ్వు",
      "note": "",
      "tags": []
    },
    {
      "text": "పొందు",
      "note": "",
      "tags": []
    },
    {
      "text": "తెరువు",
      "note": "",
      "tags": []
    },
    {
      "text": "మూసివేయు",
      "note": "",
      "tags": []
    },
    {
      "text": "ఆలోచించు",
      "note": "",
      "tags": []
    },
    {
      "text": "తెలుసు",
      "note": "",
      "tags": []
    },
    {
      "text": "తెలియదు",
      "note": "",
      "tags": []
    },
    {
      "text": "వెతుకు / కనుగొను",
      "note": "",
      "tags": []
    },
    {
      "text": "పోగొట్టుకో",
      "note": "",
      "tags": []
    },
    {
      "text": "సహాయం చేయు",
      "note": "",
      "tags": []
    },
    {
      "text": "కడుగు",
      "note": "",
      "tags": []
    },
    {
      "text": "వంట చేయు",
      "note": "",
      "tags": []
    },
    {
      "text": "పాడు",
      "note": "",
      "tags": []
    },
    {
      "text": "నాట్యం చేయు",
      "note": "",
      "tags": []
    },
    {
      "text": "ఉపయోగించు",
      "note": "",
      "tags": []
    },
    {
      "text": "తయారు చేయు",
      "note": "",
      "tags": []
    },
    {
      "text": "పిలువు / పాడు",
      "note": "పాట / పేరు",
      "tags": []
    },
    {
      "text": "పట్టుకో",
      "note": "",
      "tags": []
    },
    {
      "text": "ఉంచు / వదిలివేయు",
      "note": "",
      "tags": []
    },
    {
      "text": "ప్రవేశించు",
      "note": "",
      "tags": []
    },
    {
      "text": "బయటకు వెళ్ళు",
      "note": "",
      "tags": []
    },
    {
      "text": "ఎక్కు",
      "note": "వాహనం",
      "tags": []
    },
    {
      "text": "దిగు",
      "note": "వాహనం",
      "tags": []
    },
    {
      "text": "పంపించు",
      "note": "",
      "tags": []
    },
    {
      "text": "సమర్పించు",
      "note": "సమర్పణ",
      "tags": []
    },
    {
      "text": "క్షేమంగా ఉండండి",
      "note": "శుభోదయం",
      "tags": []
    },
    {
      "text": "ప్రారంభించు",
      "note": "",
      "tags": []
    },
    {
      "text": "ముగించు",
      "note": "",
      "tags": []
    },
    {
      "text": "విశ్రాంతి తీసుకో",
      "note": "విశ్రాంతి",
      "tags": []
    },
    {
      "text": "అడుగు",
      "note": "ప్రశ్న",
      "tags": []
    },
    {
      "text": "సమాధానం చెప్పు",
      "note": "",
      "tags": []
    },
    {
      "text": "వాగ్దానం చేయు",
      "note": "",
      "tags": []
    },
    {
      "text": "చింతించు",
      "note": "",
      "tags": []
    },
    {
      "text": "నమ్ము",
      "note": "",
      "tags": []
    },
    {
      "text": "సందేహించు",
      "note": "",
      "tags": []
    },
    {
      "text": "కోరుకో / ఆశించు",
      "note": "ఆశ",
      "tags": []
    },
    {
      "text": "కల కను",
      "note": "",
      "tags": []
    },
    {
      "text": "పోట్లాడు",
      "note": "",
      "tags": []
    },
    {
      "text": "గెలువు",
      "note": "",
      "tags": []
    },
    {
      "text": "ఓడిపో",
      "note": "ఓటమి",
      "tags": []
    },
    {
      "text": "పెరుగు",
      "note": "వృద్ధి",
      "tags": []
    },
    {
      "text": "జీవించు",
      "note": "",
      "tags": []
    },
    {
      "text": "మరణించు",
      "note": "",
      "tags": []
    },
    {
      "text": "పిక్ చేయి",
      "note": "",
      "tags": []
    },
    {
      "text": "పారవేయు",
      "note": "",
      "tags": []
    },
    {
      "text": "దాచు",
      "note": "",
      "tags": []
    },
    {
      "text": "వెతుకు",
      "note": "",
      "tags": []
    },
    {
      "text": "ఎంచుకో",
      "note": "",
      "tags": []
    },
    {
      "text": "మార్చు",
      "note": "",
      "tags": []
    },
    {
      "text": "ఆర్డర్ చేయండి",
      "note": "వస్తువుల కొనుగోలు",
      "tags": []
    },
    {
      "text": "సిద్ధం చేయు",
      "note": "",
      "tags": []
    },
    {
      "text": "పట్టుకో",
      "note": "",
      "tags": []
    },
    {
      "text": "విసిరేయు",
      "note": "",
      "tags": []
    },
    {
      "text": "లాగు",
      "note": "",
      "tags": []
    },
    {
      "text": "నెట్టు",
      "note": "",
      "tags": []
    },
    {
      "text": "బాగు చేయు",
      "note": "మరమ్మత్తు",
      "tags": []
    },
    {
      "text": "విరిగిపోవు",
      "note": "",
      "tags": []
    },
    {
      "text": "అనారోగ్యంగా ఉండు / నొప్పిగా ఉండు",
      "note": "",
      "tags": []
    },
    {
      "text": "చికిత్స చేయు",
      "note": "",
      "tags": []
    },
    {
      "text": "వ్యాయామం చేయు",
      "note": "",
      "tags": []
    },
    {
      "text": "ఈదు",
      "note": "",
      "tags": []
    },
    {
      "text": "ప్రయాణించు",
      "note": "",
      "tags": []
    },
    {
      "text": "నడుపు",
      "note": "",
      "tags": []
    },
    {
      "text": "శుభ్రం చేయు",
      "note": "",
      "tags": []
    },
    {
      "text": "గిన్నెలు కడుగు",
      "note": "",
      "tags": []
    },
    {
      "text": "బట్టలు ఉతుకు",
      "note": "",
      "tags": []
    },
    {
      "text": "స్నానం చేయు",
      "note": "",
      "tags": []
    },
    {
      "text": "పళ్ళు తోముకో",
      "note": "",
      "tags": []
    },
    {
      "text": "మేల్కొను / లేచు",
      "note": "మేల్కొలుపు",
      "tags": []
    },
    {
      "text": "పడుకో",
      "note": "నిద్ర",
      "tags": []
    },
    {
      "text": "అర్థం చేసుకోవడం",
      "note": "",
      "tags": []
    },
    {
      "text": "గుర్తుంచుకో",
      "note": "",
      "tags": []
    }
  ]
}