{
  "default_type": "word",
  "subject": "৫০টি মৌলিক বিশেষ্য",
  "pos": "noun",
  "entries": [
    {
      "text": "আমি",
      "note": "",
      "tags": []
    },
    {
      "text": "আপনি / তুমি",
      "note": "",
      "tags": []
    },
    {
      "text": "এই / এটি",
      "note": "",
      "tags": []
    },
    {
      "text": "ওই / ওটি",
      "note": "",
      "tags": []
    },
    {
      "text": "কে",
      "note": "",
      "tags": []
    },
    {
      "text": "কি",
      "note": "",
      "tags": []
    },
    {
      "text": "কোথায়",
      "note": "",
      "tags": []
    },
    {
      "text": "কখন",
      "note": "",
      "tags": []
    },
    {
      "text": "কেন",
      "note": "",
      "tags": []
    },
    {
      "text": "কিভাবে",
      "note": "",
      "tags": []
    },
    {
      "text": "মানুষ",
      "note": "",
      "tags": []
    },
    {
      "text": "বন্ধু",
      "note": "",
      "tags": []
    },
    {
      "text": "পরিবার",
      "note": "",
      "tags": []
    },
    {
      "text": "নাম",
      "note": "",
      "tags": []
    },
    {
      "text": "বাড়ি",
      "note": "",
      "tags": []
    },
    {
      "text": "স্কুল",
      "note": "",
      "tags": []
    },
    {
      "text": "কোম্পানি",
      "note": "",
      "tags": []
    },
    {
      "text": "হাসপাতাল",
      "note": "",
      "tags": []
    },
    {
      "text": "বাজার",
      "note": "",
      "tags": []
    },
    {
      "text": "রেস্তোরাঁ",
      "note": "",
      "tags": []
    },
    {
      "text": "কফিশপ",
      "note": "",
      "tags": []
    },
    {
      "text": "টয়লেট",
      "note": "",
      "tags": []
    },
    {
      "text": "বই",
      "note": "",
      "tags": []
    },
    {
      "text": "জল",
      "note": "",
      "tags": []
    },
    {
      "text": "খাবার",
      "note": "",
      "tags": []
    },
    {
      "text": "টাকা",
      "note": "",
      "tags": []
    },
    {
      "text": "পোশাক",
      "note": "",
      "tags": []
    },
    {
      "text": "জুতো",
      "note": "",
      "tags": []
    },
    {
      "text": "ব্যাগ",
      "note": "",
      "tags": []
    },
    {
      "text": "ঘড়ি",
      "note": "",
      "tags": []
    },
    {
      "text": "ফোন",
      "note": "",
      "tags": []
    },
    {
      "text": "কম্পিউটার",
      "note": "",
      "tags": []
    },
    {
      "text": "গাড়ি",
      "note": "",
      "tags": []
    },
    {
      "text": "চাঁদ",
      "note": "চন্দ্র",
      "tags": []
    },
    {
      "text": "তারা",
      "note": "মহাকাশ",
      "tags": []
    },
    {
      "text": "সূর্য",
      "note": "",
      "tags": []
    },
    {
      "text": "আকাশ",
      "note": "",
      "tags": []
    },
    {
      "text": "সমুদ্র",
      "note": "",
      "tags": []
    },
    {
      "text": "পাহাড়",
      "note": "",
      "tags": []
    },
    {
      "text": "ফুল",
      "note": "",
      "tags": []
    },
    {
      "text": "গাছ",
      "note": "",
      "tags": []
    },
    {
      "text": "কুকুর",
      "note": "",
      "tags": []
    },
    {
      "text": "বিড়াল",
      "note": "",
      "tags": []
    },
    {
      "text": "আজ",
      "note": "",
      "tags": []
    },
    {
      "text": "আগামীকাল",
      "note": "",
      "tags": []
    },
    {
      "text": "গতকাল",
      "note": "",
      "tags": []
    },
    {
      "text": "এখন",
      "note": "",
      "tags": []
    },
    {
      "text": "সময়",
      "note": "",
      "tags": []
    },
    {
      "text": "দিন",
      "note": "",
      "tags": []
    },
    {
      "text": "রাত",
      "note": "",
      "tags": []
    }
  ]
}