{
  "default_type": "word",
  "subject": "১০০টি মৌলিক ক্রিয়া",
  "pos": "verb",
  "entries": [
    {
      "text": "যাওয়া",
      "note": "",
      "tags": []
    },
    {
      "text": "আসা",
      "note": "",
      "tags": []
    },
    {
      "text": "খাওয়া",
      "note": "",
      "tags": []
    },
    {
      "text": "পান করা",
      "note": "",
      "tags": []
    },
    {
      "text": "ঘুমানো",
      "note": "",
      "tags": []
    },
    {
      "text": "দেখা",
      "note": "",
      "tags": []
    },
    {
      "text": "কেনা",
      "note": "",
      "tags": []
    },
    {
      "text": "বিক্রি করা",
      "note": "",
      "tags": []
    },
    {
      "text": "পড়া",
      "note": "",
      "tags": []
    },
    {
      "text": "লেখা",
      "note": "লিখন",
      "tags": []
    },
    {
      "text": "শোনা",
      "note": "",
      "tags": []
    },
    {
      "text": "কথা বলা",
      "note": "",
      "tags": []
    },
    {
      "text": "করা",
      "note": "",
      "tags": []
    },
    {
      "text": "কাজ করা",
      "note": "",
      "tags": []
    },
    {
      "text": "অধ্যয়ন করা",
      "note": "",
      "tags": []
    },
    {
      "text": "শেখানো",
      "note": "",
      "tags": []
    },
    {
      "text": "শেখা",
      "note": "",
      "tags": []
    },
    {
      "text": "অপেক্ষা করা",
      "note": "",
      "tags": []
    },
    {
      "text": "দেখা করা",
      "note": "",
      "tags": []
    },
    {
      "text": "ভালোবাসা",
      "note": "",
      "tags": []
    },
    {
      "text": "পছন্দ করা",
      "note": "",
      "tags": []
    },
    {
      "text": "ঘৃণা করা",
      "note": "",
      "tags": []
    },
    {
      "text": "হাসা",
      "note": "",
      "tags": []
    },
    {
      "text": "কাঁদা",
      "note": "",
      "tags": []
    },
    {
      "text": "হাঁটা",
      "note": "",
      "tags": []
    },
    {
      "text": "দৌড়ানো",
      "note": "দৌড়ানো",
      "tags": []
    },
    {
      "text": "বসা",
      "note": "",
      "tags": []
    },
    {
      "text": "দাঁড়ানো",
      "note": "",
      "tags": []
    },
    {
      "text": "দেওয়া",
      "note": "",
      "tags": []
    },
    {
      "text": "পাওয়া",
      "note": "",
      "tags": []
    },
    {
      "text": "খোলা",
      "note": "",
      "tags": []
    },
    {
      "text": "বন্ধ করা",
      "note": "",
      "tags": []
    },
    {
      "text": "চিন্তা করা",
      "note": "",
      "tags": []
    },
    {
      "text": "জানা",
      "note": "",
      "tags": []
    },
    {
      "text": "না জানা",
      "note": "",
      "tags": []
    },
    {
      "text": "খোঁজা / পাওয়া",
      "note": "",
      "tags": []
    },
    {
      "text": "হারানো",
      "note": "",
      "tags": []
    },
    {
      "text": "সাহায্য করা",
      "note": "",
      "tags": []
    },
    {
      "text": "ধোয়া",
      "note": "",
      "tags": []
    },
    {
      "text": "রান্না করা",
      "note": "",
      "tags": []
    },
    {
      "text": "গান গাওয়া",
      "note": "",
      "tags": []
    },
    {
      "text": "নাচা",
      "note": "",
      "tags": []
    },
    {
      "text": "ব্যবহার করা",
      "note": "",
      "tags": []
    },
    {
      "text": "তৈরি করা",
      "note": "",
      "tags": []
    },
    {
      "text": "ডাকা / গাওয়া",
      "note": "গান / নাম",
      "tags": []
    },
    {
      "text": "ধরা",
      "note": "",
      "tags": []
    },
    {
      "text": "রাখা / ছেড়ে দেওয়া",
      "note": "",
      "tags": []
    },
    {
      "text": "প্রবেশ করা",
      "note": "",
      "tags": []
    },
    {
      "text": "বাইরে যাওয়া",
      "note": "",
      "tags": []
    },
    {
      "text": "আরোহণ করা",
      "note": "যানে",
      "tags": []
    },
    {
      "text": "নামা",
      "note": "যান",
      "tags": []
    },
    {
      "text": "পাঠানো",
      "note": "",
      "tags": []
    },
    {
      "text": "জমা দেওয়া",
      "note": "জমা",
      "tags": []
    },
    {
      "text": "ভালো থাকা",
      "note": "শুভেচ্ছা",
      "tags": []
    },
    {
      "text": "শুরু করা",
      "note": "",
      "tags": []
    },
    {
      "text": "শেষ করা",
      "note": "",
      "tags": []
    },
    {
      "text": "বিশ্রাম নেওয়া",
      "note": "বিশ্রাম",
      "tags": []
    },
    {
      "text": "জিজ্ঞাসা করা",
      "note": "প্রশ্ন",
      "tags": []
    },
    {
      "text": "উত্তর দেওয়া",
      "note": "",
      "tags": []
    },
    {
      "text": "প্রতিশ্রুতি দেওয়া",
      "note": "",
      "tags": []
    },
    {
      "text": "চিন্তা করা / উদ্বিগ্ন হওয়া",
      "note": "",
      "tags": []
    },
    {
      "text": "বিশ্বাস করা",
      "note": "",
      "tags": []
    },
    {
      "text": "সন্দেহ করা",
      "note": "",
      "tags": []
    },
    {
      "text": "আশা করা",
      "note": "আশা",
      "tags": []
    },
    {
      "text": "স্বপ্ন দেখা",
      "note": "",
      "tags": []
    },
    {
      "text": "ঝগড়া করা",
      "note": "",
      "tags": []
    },
    {
      "text": "জেতা",
      "note": "",
      "tags": []
    },
    {
      "text": "হারা",
      "note": "পরাজয়",
      "tags": []
    },
    {
      "text": "বৃদ্ধি পাওয়া",
      "note": "বৃদ্ধি",
      "tags": []
    },
    {
      "text": "বেঁচে থাকা / বাস করা",
      "note": "",
      "tags": []
    },
    {
      "text": "মারা যাওয়া",
      "note": "",
      "tags": []
    },
    {
      "text": "তোলা",
      "note": "",
      "tags": []
    },
    {
      "text": "ফেলে দেওয়া",
      "note": "",
      "tags": []
    },
    {
      "text": "লুকানো",
      "note": "",
      "tags": []
    },
    {
      "text": "খোঁজা",
      "note": "",
      "tags": []
    },
    {
      "text": "নির্বাচন করা",
      "note": "",
      "tags": []
    },
    {
      "text": "পরিবর্তন করা",
      "note": "",
      "tags": []
    },
    {
      "text": "অর্ডার দেওয়া",
      "note": "পণ্য কেনা",
      "tags": []
    },
    {
      "text": "প্রস্তুত করা",
      "note": "",
      "tags": []
    },
    {
      "text": "ধরা",
      "note": "",
      "tags": []
    },
    {
      "text": "ছোড়া",
      "note": "",
      "tags": []
    },
    {
      "text": "টানা",
      "note": "",
      "tags": []
    },
    {
      "text": "ঠেলা",
      "note": "",
      "tags": []
    },
    {
      "text": "মেরামত করা",
      "note": "মেরামত",
      "tags": []
    },
    {
      "text": "ভাঙা",
      "note": "",
      "tags": []
    },
    {
      "text": "অসুস্থ হওয়া / ব্যথা হওয়া",
      "note": "",
      "tags": []
    },
    {
      "text": "চিকিৎসা করা",
      "note": "",
      "tags": []
    },
    {
      "text": "ব্যায়াম করা",
      "note": "",
      "tags": []
    },
    {
      "text": "সাঁতার কাটা",
      "note": "",
      "tags": []
    },
    {
      "text": "ভ্রমণ করা",
      "note": "",
      "tags": []
    },
    {
      "text": "গাড়ি চালানো",
      "note": "",
      "tags": []
    },
    {
      "text": "পরিষ্কার করা",
      "note": "",
      "tags": []
    },
    {
      "text": "বাসন মাজা",
      "note": "",
      "tags": []
    },
    {
      "text": "কাপড় ধোয়া",
      "note": "",
      "tags": []
    },
    {
      "text": "স্নান করা",
      "note": "",
      "tags": []
    },
    {
      "text": "দাঁত মাজা",
      "note": "",
      "tags": []
    },
    {
      "text": "জেগে ওঠা / ওঠা",
      "note": "জাগরণ",
      "tags": []
    },
    {
      "text": "শুতে যাওয়া",
      "note": "ঘুম",
      "tags": []
    },
    {
      "text": "বোঝা",
      "note": "",
      "tags": []
    },
    {
      "text": "মনে রাখা",
      "note": "",
      "tags": []
    }
  ]
}