{
  "default_type": "sentence",
  "subject": "ਮੁੱਢਲੀ ਪਛਾਣ ਅਤੇ ਰੋਜ਼ਾਨਾ ਵਾਕ 50",
  "entries": [
    {
      "text": "ਸਤਿ ਸ੍ਰੀ ਅਕਾਲ / ਨਮਸਤੇ।",
      "note": "ਨਿਮਰਤਾ ਸਹਿਤ",
      "form_type": "",
      "style": "",
      "tags": []
    },
    {
      "text": "ਤੁਹਾਨੂੰ ਮਿਲ ਕੇ ਖੁਸ਼ੀ ਹੋਈ।",
      "note": "ਪਹਿਲੀ ਮੁਲਾਕਾਤ",
      "form_type": "",
      "style": "",
      "tags": []
    },
    {
      "text": "ਬਹੁਤ ਸਮੇਂ ਬਾਅਦ ਮਿਲੇ।",
      "note": "ਦੁਬਾਰਾ ਮਿਲਣਾ",
      "form_type": "",
      "style": "",
      "tags": []
    },
    {
      "text": "ਬਹੁਤ ਬਹੁਤ ਧੰਨਵਾਦ।",
      "note": "ਰਸਮੀ",
      "form_type": "",
      "style": "",
      "tags": []
    },
    {
      "text": "ਮੈਨੂੰ ਮਾਫ਼ ਕਰੋ।",
      "note": "ਰਸਮੀ",
      "form_type": "",
      "style": "",
      "tags": []
    },
    {
      "text": "ਸੁਣੋ ਜੀ / ਮਾਫ਼ ਕਰਨਾ।",
      "note": "ਧਿਆਨ ਖਿੱਚਣ ਲਈ",
      "form_type": "",
      "style": "",
      "tags": []
    },
    {
      "text": "ਕਿਵੇਂ ਹੋ?",
      "note": "ਹਾਲ-ਚਾਲ",
      "form_type": "",
      "style": "",
      "tags": []
    },
    {
      "text": "ਮੈਂ ਠੀਕ ਹਾਂ, ਧੰਨਵਾਦ।",
      "note": "",
      "form_type": "",
      "style": "",
      "tags": []
    },
    {
      "text": "ਤੁਹਾਡਾ ਨਾਂ ਕੀ ਹੈ?",
      "note": "",
      "form_type": "",
      "style": "",
      "tags": []
    },
    {
      "text": "ਮੇਰਾ ਨਾਂ ... ਹੈ।",
      "note": "",
      "form_type": "",
      "style": "",
      "tags": []
    },
    {
      "text": "ਤੁਸੀਂ ਕਿੱਥੋਂ ਦੇ ਹੋ?",
      "note": "",
      "form_type": "",
      "style": "",
      "tags": []
    },
    {
      "text": "ਮੈਂ ਅਮਰੀਕਾ ਤੋਂ ਹਾਂ।",
      "note": "",
      "form_type": "",
      "style": "",
      "tags": []
    },
    {
      "text": "ਅਲਵਿਦਾ / ਰੱਬ ਰਾਖਾ।",
      "note": "ਜਾਣ ਵਾਲੇ ਲਈ",
      "form_type": "",
      "style": "",
      "tags": []
    },
    {
      "text": "ਖ਼ਿਆਲ ਰੱਖਣਾ / ਅਲਵਿਦਾ।",
      "note": "ਰਹਿਣ ਵਾਲੇ ਲਈ",
      "form_type": "",
      "style": "",
      "tags": []
    },
    {
      "text": "ਹਾਂ।",
      "note": "ਸਕਾਰਾਤਮਕ",
      "form_type": "",
      "style": "",
      "tags": []
    },
    {
      "text": "ਨਹੀਂ।",
      "note": "ਨਕਾਰਾਤਮਕ",
      "form_type": "",
      "style": "",
      "tags": []
    },
    {
      "text": "ਸ਼ਾਇਦ।",
      "note": "ਅੰਦਾਜ਼ਾ",
      "form_type": "",
      "style": "",
      "tags": []
    },
    {
      "text": "ਮੈਂ ਸਮਝਦਾ ਹਾਂ।",
      "note": "",
      "form_type": "",
      "style": "",
      "tags": []
    },
    {
      "text": "ਮੈਨੂੰ ਨਹੀਂ ਪਤਾ।",
      "note": "",
      "form_type": "",
      "style": "",
      "tags": []
    },
    {
      "text": "ਕਿਰਪਾ ਕਰਕੇ ਮੇਰੀ ਮਦਦ ਕਰੋ।",
      "note": "",
      "form_type": "",
      "style": "",
      "tags": []
    },
    {
      "text": "ਕਿਰਪਾ ਕਰਕੇ ਇੱਕ ਪਲ ਰੁਕੋ।",
      "note": "",
      "form_type": "",
      "style": "",
      "tags": []
    },
    {
      "text": "ਇਹ ਕਿੰਨੇ ਦਾ ਹੈ?",
      "note": "ਖਰੀਦਦਾਰੀ",
      "form_type": "",
      "style": "",
      "tags": []
    },
    {
      "text": "ਟਾਇਲਟ ਕਿੱਥੇ ਹੈ?",
      "note": "",
      "form_type": "",
      "style": "",
      "tags": []
    },
    {
      "text": "ਮੈਨੂੰ ਭੁੱਖ ਲੱਗੀ ਹੈ।",
      "note": "",
      "form_type": "",
      "style": "",
      "tags": []
    },
    {
      "text": "ਮੈਨੂੰ ਪਿਆਸ ਲੱਗੀ ਹੈ।",
      "note": "",
      "form_type": "",
      "style": "",
      "tags": []
    },
    {
      "text": "ਇਹ ਸੁਆਦੀ ਹੈ।",
      "note": "",
      "form_type": "",
      "style": "",
      "tags": []
    },
    {
      "text": "ਮੈਨੂੰ ਇਹ ਪਸੰਦ ਹੈ।",
      "note": "",
      "form_type": "",
      "style": "",
      "tags": []
    },
    {
      "text": "ਕੋਈ ਗੱਲ ਨਹੀਂ / ਠੀਕ ਹੈ।",
      "note": "",
      "form_type": "",
      "style": "",
      "tags": []
    },
    {
      "text": "ਸ਼ੁਭਕਾਮਨਾਵਾਂ।",
      "note": "",
      "form_type": "",
      "style": "",
      "tags": []
    },
    {
      "text": "ਹੁਣ ਕੀ ਸਮਾਂ ਹੋਇਆ ਹੈ?",
      "note": "",
      "form_type": "",
      "style": "",
      "tags": []
    },
    {
      "text": "ਅੱਜ ਮੌਸਮ ਚੰਗਾ ਹੈ।",
      "note": "",
      "form_type": "",
      "style": "",
      "tags": []
    },
    {
      "text": "ਠੰਢ ਹੈ।",
      "note": "",
      "form_type": "",
      "style": "",
      "tags": []
    },
    {
      "text": "ਗਰਮੀ ਹੈ।",
      "note": "",
      "form_type": "",
      "style": "",
      "tags": []
    },
    {
      "text": "ਮੈਂ ਥੱਕ ਗਿਆ ਹਾਂ।",
      "note": "",
      "form_type": "",
      "style": "",
      "tags": []
    },
    {
      "text": "ਮੈਂ ਖੁਸ਼ ਹਾਂ।",
      "note": "",
      "form_type": "",
      "style": "",
      "tags": []
    },
    {
      "text": "ਵਧਾਈ ਹੋਵੇ।",
      "note": "",
      "form_type": "",
      "style": "",
      "tags": []
    },
    {
      "text": "ਜਨਮਦਿਨ ਮੁਬਾਰਕ।",
      "note": "",
      "form_type": "",
      "style": "",
      "tags": []
    },
    {
      "text": "ਤੁਹਾਡਾ ਦਿਨ ਵਧੀਆ ਰਹੇ।",
      "note": "",
      "form_type": "",
      "style": "",
      "tags": []
    },
    {
      "text": "ਕੱਲ੍ਹ ਮਿਲਦੇ ਹਾਂ।",
      "note": "",
      "form_type": "",
      "style": "",
      "tags": []
    },
    {
      "text": "ਆਪਣਾ ਖ਼ਿਆਲ ਰੱਖਣਾ।",
      "note": "",
      "form_type": "",
      "style": "",
      "tags": []
    },
    {
      "text": "ਕੀ ਤੁਸੀਂ ਅੰਗਰੇਜ਼ੀ ਬੋਲਦੇ ਹੋ?",
      "note": "",
      "form_type": "",
      "style": "",
      "tags": []
    },
    {
      "text": "ਮੈਨੂੰ ਸਿਰਫ਼ ਥੋੜ੍ਹੀ ਕੋਰੀਅਨ ਆਉਂਦੀ ਹੈ।",
      "note": "",
      "form_type": "",
      "style": "",
      "tags": []
    },
    {
      "text": "ਕਿਰਪਾ ਕਰਕੇ ਹੌਲੀ ਬੋਲੋ।",
      "note": "",
      "form_type": "",
      "style": "",
      "tags": []
    },
    {
      "text": "ਇਸਦਾ ਕੀ ਮਤਲਬ ਹੈ?",
      "note": "",
      "form_type": "",
      "style": "",
      "tags": []
    },
    {
      "text": "ਕੋਰੀਅਨ ਵਿੱਚ ਇਸਨੂੰ ਕੀ ਕਹਿੰਦੇ ਹਨ?",
      "note": "",
      "form_type": "",
      "style": "",
      "tags": []
    },
    {
      "text": "ਮੈਂ ਤੈਨੂੰ ਪਿਆਰ ਕਰਦਾ ਹਾਂ।",
      "note": "",
      "form_type": "",
      "style": "",
      "tags": []
    },
    {
      "text": "ਕਿਰਪਾ ਕਰਕੇ ਉਡੀਕ ਕਰੋ।",
      "note": "",
      "form_type": "",
      "style": "",
      "tags": []
    },
    {
      "text": "ਜੀ ਆਇਆਂ ਨੂੰ / ਕੋਈ ਗੱਲ ਨਹੀਂ।",
      "note": "",
      "form_type": "",
      "style": "",
      "tags": []
    },
    {
      "text": "ਨਹੀਂ ਜੀ, ਧੰਨਵਾਦ।",
      "note": "",
      "form_type": "",
      "style": "",
      "tags": []
    },
    {
      "text": "ਮੇਰਾ ਇੱਕ ਸਵਾਲ ਹੈ।",
      "note": "",
      "form_type": "",
      "style": "",
      "tags": []
    }
  ]
}