{
  "default_type": "word",
  "subject": "នាមគោល ៥០",
  "pos": "noun",
  "entries": [
    {
      "text": "ខ្ញុំ",
      "note": "",
      "tags": []
    },
    {
      "text": "អ្នក",
      "note": "",
      "tags": []
    },
    {
      "text": "នេះ",
      "note": "",
      "tags": []
    },
    {
      "text": "នោះ",
      "note": "",
      "tags": []
    },
    {
      "text": "នរណា",
      "note": "",
      "tags": []
    },
    {
      "text": "អ្វី",
      "note": "",
      "tags": []
    },
    {
      "text": "កន្លែងណា",
      "note": "",
      "tags": []
    },
    {
      "text": "ពេលណា",
      "note": "",
      "tags": []
    },
    {
      "text": "ហេតុអ្វី",
      "note": "",
      "tags": []
    },
    {
      "text": "យ៉ាងដូចម្តេច",
      "note": "",
      "tags": []
    },
    {
      "text": "មនុស្ស",
      "note": "",
      "tags": []
    },
    {
      "text": "មិត្តភក្តិ",
      "note": "",
      "tags": []
    },
    {
      "text": "គ្រួសារ",
      "note": "",
      "tags": []
    },
    {
      "text": "ឈ្មោះ",
      "note": "",
      "tags": []
    },
    {
      "text": "ផ្ទះ",
      "note": "",
      "tags": []
    },
    {
      "text": "សាលារៀន",
      "note": "",
      "tags": []
    },
    {
      "text": "ក្រុមហ៊ុន",
      "note": "",
      "tags": []
    },
    {
      "text": "មន្ទីរពេទ្យ",
      "note": "",
      "tags": []
    },
    {
      "text": "ផ្សា",
      "note": "",
      "tags": []
    },
    {
      "text": "ភោជនីយដ្ឋាន",
      "note": "",
      "tags": []
    },
    {
      "text": "ហាងកាហ្វេ",
      "note": "",
      "tags": []
    },
    {
      "text": "បង្គន់",
      "note": "",
      "tags": []
    },
    {
      "text": "សៀវភៅ",
      "note": "",
      "tags": []
    },
    {
      "text": "ទឹក",
      "note": "",
      "tags": []
    },
    {
      "text": "អាហារ",
      "note": "",
      "tags": []
    },
    {
      "text": "លុយ",
      "note": "",
      "tags": []
    },
    {
      "text": "ខោអាវ",
      "note": "",
      "tags": []
    },
    {
      "text": "ស្បែកជើង",
      "note": "",
      "tags": []
    },
    {
      "text": "កាបូប",
      "note": "",
      "tags": []
    },
    {
      "text": "នាឡិកា",
      "note": "",
      "tags": []
    },
    {
      "text": "ទូរស័ព្ទ",
      "note": "",
      "tags": []
    },
    {
      "text": "កុំព្យូទ័រ",
      "note": "",
      "tags": []
    },
    {
      "text": "ឡាន",
      "note": "",
      "tags": []
    },
    {
      "text": "ព្រះច័ន្ទ",
      "note": "លោកខែ",
      "tags": []
    },
    {
      "text": "ផ្កាយ",
      "note": "ក្នុងលំហ",
      "tags": []
    },
    {
      "text": "ព្រះអាទិត្យ",
      "note": "",
      "tags": []
    },
    {
      "text": "មេឃ",
      "note": "",
      "tags": []
    },
    {
      "text": "សមុទ្រ",
      "note": "",
      "tags": []
    },
    {
      "text": "ភ្នំ",
      "note": "",
      "tags": []
    },
    {
      "text": "ផ្កា",
      "note": "",
      "tags": []
    },
    {
      "text": "ដើមឈើ",
      "note": "",
      "tags": []
    },
    {
      "text": "ឆ្កែ",
      "note": "",
      "tags": []
    },
    {
      "text": "ឆ្មា",
      "note": "",
      "tags": []
    },
    {
      "text": "ថ្ងៃនេះ",
      "note": "",
      "tags": []
    },
    {
      "text": "ថ្ងៃស្អែក",
      "note": "",
      "tags": []
    },
    {
      "text": "ម្សិលមិញ",
      "note": "",
      "tags": []
    },
    {
      "text": "ឥឡូវនេះ",
      "note": "",
      "tags": []
    },
    {
      "text": "ពេលវេលា",
      "note": "",
      "tags": []
    },
    {
      "text": "ថ្ងៃ",
      "note": "",
      "tags": []
    },
    {
      "text": "យប់",
      "note": "",
      "tags": []
    }
  ]
}