{
  "default_type": "word",
  "subject": "កិរិយាស័ព្ទគោល ១០០",
  "pos": "verb",
  "entries": [
    {
      "text": "ទៅ",
      "note": "",
      "tags": []
    },
    {
      "text": "មក",
      "note": "",
      "tags": []
    },
    {
      "text": "ញ៉ាំ",
      "note": "",
      "tags": []
    },
    {
      "text": "ផឹក",
      "note": "",
      "tags": []
    },
    {
      "text": "គេង",
      "note": "",
      "tags": []
    },
    {
      "text": "មើល",
      "note": "",
      "tags": []
    },
    {
      "text": "ទិញ",
      "note": "",
      "tags": []
    },
    {
      "text": "លក់",
      "note": "",
      "tags": []
    },
    {
      "text": "អាន",
      "note": "",
      "tags": []
    },
    {
      "text": "សរសេរ",
      "note": "ការសរសេរ",
      "tags": []
    },
    {
      "text": "ស្តាប់",
      "note": "",
      "tags": []
    },
    {
      "text": "និយាយ",
      "note": "",
      "tags": []
    },
    {
      "text": "ធ្វើ",
      "note": "",
      "tags": []
    },
    {
      "text": "ធ្វើការ",
      "note": "",
      "tags": []
    },
    {
      "text": "រៀន",
      "note": "",
      "tags": []
    },
    {
      "text": "បង្រៀន",
      "note": "",
      "tags": []
    },
    {
      "text": "សិក្សា",
      "note": "",
      "tags": []
    },
    {
      "text": "រង់ចាំ",
      "note": "",
      "tags": []
    },
    {
      "text": "ជួប",
      "note": "",
      "tags": []
    },
    {
      "text": "ស្រឡាញ់",
      "note": "",
      "tags": []
    },
    {
      "text": "ចូលចិត្ត",
      "note": "",
      "tags": []
    },
    {
      "text": "ស្អប់",
      "note": "",
      "tags": []
    },
    {
      "text": "សើច",
      "note": "",
      "tags": []
    },
    {
      "text": "យំ",
      "note": "",
      "tags": []
    },
    {
      "text": "ដើរ",
      "note": "",
      "tags": []
    },
    {
      "text": "រត់",
      "note": "ការរត់",
      "tags": []
    },
    {
      "text": "អង្គុយ",
      "note": "",
      "tags": []
    },
    {
      "text": "ឈរ",
      "note": "",
      "tags": []
    },
    {
      "text": "ឱ្យ",
      "note": "",
      "tags": []
    },
    {
      "text": "ទទួល",
      "note": "",
      "tags": []
    },
    {
      "text": "បើក",
      "note": "",
      "tags": []
    },
    {
      "text": "បិទ",
      "note": "",
      "tags": []
    },
    {
      "text": "គិត",
      "note": "",
      "tags": []
    },
    {
      "text": "ដឹង",
      "note": "",
      "tags": []
    },
    {
      "text": "មិនដឹង",
      "note": "",
      "tags": []
    },
    {
      "text": "រក / ឃើញ",
      "note": "",
      "tags": []
    },
    {
      "text": "បាត់",
      "note": "",
      "tags": []
    },
    {
      "text": "ជួយ",
      "note": "",
      "tags": []
    },
    {
      "text": "លាង",
      "note": "",
      "tags": []
    },
    {
      "text": "ធ្វើម្ហូប",
      "note": "",
      "tags": []
    },
    {
      "text": "ច្រៀង",
      "note": "",
      "tags": []
    },
    {
      "text": "រាំ",
      "note": "",
      "tags": []
    },
    {
      "text": "ប្រើ",
      "note": "",
      "tags": []
    },
    {
      "text": "ធ្វើ / បង្កើត",
      "note": "",
      "tags": []
    },
    {
      "text": "ហៅ / ច្រៀង",
      "note": "ចម្រៀង / ឈ្មោះ",
      "tags": []
    },
    {
      "text": "កាន់ / ទីប",
      "note": "",
      "tags": []
    },
    {
      "text": "ដាក់ / ទុកចោល",
      "note": "",
      "tags": []
    },
    {
      "text": "ចូល",
      "note": "",
      "tags": []
    },
    {
      "text": "ចេញ",
      "note": "",
      "tags": []
    },
    {
      "text": "ឡើង",
      "note": "យានយន្ត",
      "tags": []
    },
    {
      "text": "ចុះ",
      "note": "យានយន្ត",
      "tags": []
    },
    {
      "text": "ផ្ញើ",
      "note": "",
      "tags": []
    },
    {
      "text": "ដាក់ជូន",
      "note": "ការដាក់",
      "tags": []
    },
    {
      "text": "សុខសប្បាយ",
      "note": "ការសួរសុខទុក្ខ",
      "tags": []
    },
    {
      "text": "ចាប់ផ្តើម",
      "note": "",
      "tags": []
    },
    {
      "text": "បញ្ចប់",
      "note": "",
      "tags": []
    },
    {
      "text": "សម្រាក",
      "note": "ការសម្រាក",
      "tags": []
    },
    {
      "text": "សួរ",
      "note": "សំណួរ",
      "tags": []
    },
    {
      "text": "ឆ្លើយ",
      "note": "",
      "tags": []
    },
    {
      "text": "សន្យា",
      "note": "",
      "tags": []
    },
    {
      "text": "បារម្ភ",
      "note": "",
      "tags": []
    },
    {
      "text": "ជឿ",
      "note": "",
      "tags": []
    },
    {
      "text": "សង្ស័យ",
      "note": "",
      "tags": []
    },
    {
      "text": "សង្ឃឹម",
      "note": "ក្តីសង្ឃឹម",
      "tags": []
    },
    {
      "text": "យល់សប្តិ",
      "note": "",
      "tags": []
    },
    {
      "text": "ឈ្លោះគ្នា",
      "note": "",
      "tags": []
    },
    {
      "text": "ឈ្នះ",
      "note": "",
      "tags": []
    },
    {
      "text": "ចាញ់",
      "note": "ការចាញ់",
      "tags": []
    },
    {
      "text": "រីកចម្រើន",
      "note": "ការលូតលាស់",
      "tags": []
    },
    {
      "text": "រស់នៅ",
      "note": "",
      "tags": []
    },
    {
      "text": "ស្លាប់",
      "note": "",
      "tags": []
    },
    {
      "text": "រើស",
      "note": "",
      "tags": []
    },
    {
      "text": "បោះចោល",
      "note": "",
      "tags": []
    },
    {
      "text": "លាក់",
      "note": "",
      "tags": []
    },
    {
      "text": "ស្វែងរក",
      "note": "",
      "tags": []
    },
    {
      "text": "ជ្រើសរើស",
      "note": "",
      "tags": []
    },
    {
      "text": "ផ្លាស់ប្តូរ",
      "note": "",
      "tags": []
    },
    {
      "text": "កម្ម៉ង់",
      "note": "ការទិញទំនិញ",
      "tags": []
    },
    {
      "text": "រៀបចំ",
      "note": "",
      "tags": []
    },
    {
      "text": "ចាប់",
      "note": "",
      "tags": []
    },
    {
      "text": "បោះ",
      "note": "",
      "tags": []
    },
    {
      "text": "ទាញ",
      "note": "",
      "tags": []
    },
    {
      "text": "រុញ",
      "note": "",
      "tags": []
    },
    {
      "text": "ជួសជុល",
      "note": "ការជួសជុល",
      "tags": []
    },
    {
      "text": "បែក / ខូច",
      "note": "",
      "tags": []
    },
    {
      "text": "ឈឺ",
      "note": "",
      "tags": []
    },
    {
      "text": "ព្យាបាល",
      "note": "",
      "tags": []
    },
    {
      "text": "ហាត់ប្រាណ",
      "note": "",
      "tags": []
    },
    {
      "text": "ហែលទឹក",
      "note": "",
      "tags": []
    },
    {
      "text": "ដើរកម្សាន្ត",
      "note": "",
      "tags": []
    },
    {
      "text": "បើកបរ",
      "note": "",
      "tags": []
    },
    {
      "text": "សម្អាត",
      "note": "",
      "tags": []
    },
    {
      "text": "លាងចាន",
      "note": "",
      "tags": []
    },
    {
      "text": "បោកខោអាវ",
      "note": "",
      "tags": []
    },
    {
      "text": "ងូតទឹក",
      "note": "",
      "tags": []
    },
    {
      "text": "ដុសធ្មេញ",
      "note": "",
      "tags": []
    },
    {
      "text": "ភ្ញាក់ពីគេង",
      "note": "ការភ្ញាក់",
      "tags": []
    },
    {
      "text": "ទៅគេង",
      "note": "ការគេង",
      "tags": []
    },
    {
      "text": "យល់",
      "note": "",
      "tags": []
    },
    {
      "text": "ចាំ",
      "note": "",
      "tags": []
    }
  ]
}