{
  "default_type": "word",
  "subject": "Асноўныя дзеясловы 100",
  "pos": "verb",
  "entries": [
    {
      "text": "Ісці",
      "note": "",
      "tags": []
    },
    {
      "text": "Прыходзіць",
      "note": "",
      "tags": []
    },
    {
      "text": "Есці",
      "note": "",
      "tags": []
    },
    {
      "text": "Піць",
      "note": "",
      "tags": []
    },
    {
      "text": "Спаць",
      "note": "",
      "tags": []
    },
    {
      "text": "Бачыць",
      "note": "",
      "tags": []
    },
    {
      "text": "Купляць",
      "note": "",
      "tags": []
    },
    {
      "text": "Прадаваць",
      "note": "",
      "tags": []
    },
    {
      "text": "Чытаць",
      "note": "",
      "tags": []
    },
    {
      "text": "Пісаць",
      "note": "Writing",
      "tags": []
    },
    {
      "text": "Слухаць",
      "note": "",
      "tags": []
    },
    {
      "text": "Гаварыць",
      "note": "",
      "tags": []
    },
    {
      "text": "Рабіць",
      "note": "",
      "tags": []
    },
    {
      "text": "Працаваць",
      "note": "",
      "tags": []
    },
    {
      "text": "Вучыцца",
      "note": "",
      "tags": []
    },
    {
      "text": "Вучыць",
      "note": "",
      "tags": []
    },
    {
      "text": "Вывучаць",
      "note": "",
      "tags": []
    },
    {
      "text": "Чакаць",
      "note": "",
      "tags": []
    },
    {
      "text": "Сустракацца",
      "note": "",
      "tags": []
    },
    {
      "text": "Любіць",
      "note": "",
      "tags": []
    },
    {
      "text": "Любіць (падабацца)",
      "note": "",
      "tags": []
    },
    {
      "text": "Не любіць",
      "note": "",
      "tags": []
    },
    {
      "text": "Смяяцца",
      "note": "",
      "tags": []
    },
    {
      "text": "Плакаць",
      "note": "",
      "tags": []
    },
    {
      "text": "Ісці пешшу",
      "note": "",
      "tags": []
    },
    {
      "text": "Бегчы",
      "note": "Running",
      "tags": []
    },
    {
      "text": "Сядзець",
      "note": "",
      "tags": []
    },
    {
      "text": "Стаяць",
      "note": "",
      "tags": []
    },
    {
      "text": "Даваць",
      "note": "",
      "tags": []
    },
    {
      "text": "Атрымліваць",
      "note": "",
      "tags": []
    },
    {
      "text": "Адкрываць",
      "note": "",
      "tags": []
    },
    {
      "text": "Закрываць",
      "note": "",
      "tags": []
    },
    {
      "text": "Думаць",
      "note": "",
      "tags": []
    },
    {
      "text": "Ведаць",
      "note": "",
      "tags": []
    },
    {
      "text": "Не ведаць",
      "note": "",
      "tags": []
    },
    {
      "text": "Знаходзіць",
      "note": "",
      "tags": []
    },
    {
      "text": "Губляць",
      "note": "",
      "tags": []
    },
    {
      "text": "Дапамагаць",
      "note": "",
      "tags": []
    },
    {
      "text": "Мыць",
      "note": "",
      "tags": []
    },
    {
      "text": "Гатаваць",
      "note": "",
      "tags": []
    },
    {
      "text": "Спяваць",
      "note": "",
      "tags": []
    },
    {
      "text": "Танцаваць",
      "note": "",
      "tags": []
    },
    {
      "text": "Выкарыстоўваць",
      "note": "",
      "tags": []
    },
    {
      "text": "Рабіць",
      "note": "",
      "tags": []
    },
    {
      "text": "Тэлефанаваць / Зваць",
      "note": "Song / Name",
      "tags": []
    },
    {
      "text": "Лавіць / Трымаць",
      "note": "",
      "tags": []
    },
    {
      "text": "Кладсці / Пакідаць",
      "note": "",
      "tags": []
    },
    {
      "text": "Уваходзіць",
      "note": "",
      "tags": []
    },
    {
      "text": "Выходзіць",
      "note": "",
      "tags": []
    },
    {
      "text": "Садзіцца (на транспарт)",
      "note": "Boarding",
      "tags": []
    },
    {
      "text": "Выходзіць (з транспарту)",
      "note": "Alighting",
      "tags": []
    },
    {
      "text": "Адпраўляць",
      "note": "",
      "tags": []
    },
    {
      "text": "Падаваць / Прадстаўляць",
      "note": "Submission",
      "tags": []
    },
    {
      "text": "Ладзіць",
      "note": "Greetings",
      "tags": []
    },
    {
      "text": "Пачынаць",
      "note": "",
      "tags": []
    },
    {
      "text": "Заканчваць",
      "note": "",
      "tags": []
    },
    {
      "text": "Адпачываць",
      "note": "Relax",
      "tags": []
    },
    {
      "text": "Пытацца",
      "note": "Question",
      "tags": []
    },
    {
      "text": "Адказнаваць",
      "note": "",
      "tags": []
    },
    {
      "text": "Абяцаць",
      "note": "",
      "tags": []
    },
    {
      "text": "Хвалявацца",
      "note": "",
      "tags": []
    },
    {
      "text": "Верыць",
      "note": "",
      "tags": []
    },
    {
      "text": "Сумнявацца",
      "note": "",
      "tags": []
    },
    {
      "text": "Жадаць / Надзеяцца",
      "note": "Hope",
      "tags": []
    },
    {
      "text": "Марыць",
      "note": "",
      "tags": []
    },
    {
      "text": "Змагацца",
      "note": "",
      "tags": []
    },
    {
      "text": "Перамагаць",
      "note": "",
      "tags": []
    },
    {
      "text": "Прайграваць",
      "note": "Defeat",
      "tags": []
    },
    {
      "text": "Расці",
      "note": "Growth",
      "tags": []
    },
    {
      "text": "Жыць",
      "note": "",
      "tags": []
    },
    {
      "text": "Паміраць",
      "note": "",
      "tags": []
    },
    {
      "text": "Падымаць",
      "note": "",
      "tags": []
    },
    {
      "text": "Выкідваць",
      "note": "",
      "tags": []
    },
    {
      "text": "Хаваць",
      "note": "",
      "tags": []
    },
    {
      "text": "Шукаць",
      "note": "",
      "tags": []
    },
    {
      "text": "Выбіраць",
      "note": "",
      "tags": []
    },
    {
      "text": "Мяняць",
      "note": "",
      "tags": []
    },
    {
      "text": "Заказваць",
      "note": "Buying items",
      "tags": []
    },
    {
      "text": "Рыхтаваць",
      "note": "",
      "tags": []
    },
    {
      "text": "Лавіць",
      "note": "",
      "tags": []
    },
    {
      "text": "Кідаць",
      "note": "",
      "tags": []
    },
    {
      "text": "Цягнуць",
      "note": "",
      "tags": []
    },
    {
      "text": "Штурхаць",
      "note": "",
      "tags": []
    },
    {
      "text": "Рамантаваць",
      "note": "Repair",
      "tags": []
    },
    {
      "text": "Ламаць",
      "note": "",
      "tags": []
    },
    {
      "text": "Хварэць / Пашкоджваць",
      "note": "",
      "tags": []
    },
    {
      "text": "Лячыць",
      "note": "",
      "tags": []
    },
    {
      "text": "Займацца спортам",
      "note": "",
      "tags": []
    },
    {
      "text": "Плаваць",
      "note": "",
      "tags": []
    },
    {
      "text": "Падарожнічаць",
      "note": "",
      "tags": []
    },
    {
      "text": "Кіраваць (аўто)",
      "note": "",
      "tags": []
    },
    {
      "text": "Прыбіраць",
      "note": "",
      "tags": []
    },
    {
      "text": "Мыць посуд",
      "note": "",
      "tags": []
    },
    {
      "text": "Праць бялізну",
      "note": "",
      "tags": []
    },
    {
      "text": "Прымаць душ",
      "note": "",
      "tags": []
    },
    {
      "text": "Чысціць зубы",
      "note": "",
      "tags": []
    },
    {
      "text": "Прачынацца",
      "note": "Wake up",
      "tags": []
    },
    {
      "text": "Ісці спаць",
      "note": "Sleeping",
      "tags": []
    },
    {
      "text": "Разумець",
      "note": "",
      "tags": []
    },
    {
      "text": "Памятаць",
      "note": "",
      "tags": []
    }
  ]
}