{
  "default_type": "sentence",
  "subject": "Iintetho Ezisisiseko Nemivakalisi Yemihla Ngemihla 50",
  "entries": [
    {
      "text": "Molo.",
      "note": "Isibuliso esinesidima",
      "form_type": "",
      "style": "",
      "tags": []
    },
    {
      "text": "Ndiyavuya ukukwazi.",
      "note": "Ukudibana kokuqala",
      "form_type": "",
      "style": "",
      "tags": []
    },
    {
      "text": "Kade sagcinana.",
      "note": "Ukudibana kwakhona",
      "form_type": "",
      "style": "",
      "tags": []
    },
    {
      "text": "Enkosi kakhulu.",
      "note": "Okusesikweni",
      "form_type": "",
      "style": "",
      "tags": []
    },
    {
      "text": "Ndiyacolisa.",
      "note": "Okusesikweni",
      "form_type": "",
      "style": "",
      "tags": []
    },
    {
      "text": "Uxolo.",
      "note": "Ukubiza ingqalelo",
      "form_type": "",
      "style": "",
      "tags": []
    },
    {
      "text": "Unjani?",
      "note": "Isibuliso",
      "form_type": "",
      "style": "",
      "tags": []
    },
    {
      "text": "Ndiphilile, enkosi.",
      "note": "",
      "form_type": "",
      "style": "",
      "tags": []
    },
    {
      "text": "Ngubani igama lakho?",
      "note": "",
      "form_type": "",
      "style": "",
      "tags": []
    },
    {
      "text": "Igama lam ngu ...",
      "note": "",
      "form_type": "",
      "style": "",
      "tags": []
    },
    {
      "text": "Uvela phi?",
      "note": "",
      "form_type": "",
      "style": "",
      "tags": []
    },
    {
      "text": "Ndivela e-Amerika.",
      "note": "",
      "form_type": "",
      "style": "",
      "tags": []
    },
    {
      "text": "Hamba kakuhle.",
      "note": "Kuhambwa ngubani",
      "form_type": "",
      "style": "",
      "tags": []
    },
    {
      "text": "Sala kakuhle.",
      "note": "Kusalwa ngubani",
      "form_type": "",
      "style": "",
      "tags": []
    },
    {
      "text": "Ewe.",
      "note": "Ewe",
      "form_type": "",
      "style": "",
      "tags": []
    },
    {
      "text": "Hayi.",
      "note": "Hayi",
      "form_type": "",
      "style": "",
      "tags": []
    },
    {
      "text": "Mhlawumbi.",
      "note": "Uqikelelo",
      "form_type": "",
      "style": "",
      "tags": []
    },
    {
      "text": "Ndiyaqonda.",
      "note": "",
      "form_type": "",
      "style": "",
      "tags": []
    },
    {
      "text": "Andazi.",
      "note": "",
      "form_type": "",
      "style": "",
      "tags": []
    },
    {
      "text": "Nceda undisize.",
      "note": "",
      "form_type": "",
      "style": "",
      "tags": []
    },
    {
      "text": "Nceda ulinde kancane.",
      "note": "",
      "form_type": "",
      "style": "",
      "tags": []
    },
    {
      "text": "Yimalini le?",
      "note": "Ukuthenga",
      "form_type": "",
      "style": "",
      "tags": []
    },
    {
      "text": "Iphi indlu yangasese?",
      "note": "",
      "form_type": "",
      "style": "",
      "tags": []
    },
    {
      "text": "Ndilambile.",
      "note": "",
      "form_type": "",
      "style": "",
      "tags": []
    },
    {
      "text": "Ndinxaniwe.",
      "note": "",
      "form_type": "",
      "style": "",
      "tags": []
    },
    {
      "text": "Kumnandi oku.",
      "note": "",
      "form_type": "",
      "style": "",
      "tags": []
    },
    {
      "text": "Ndiyakuthanda oku.",
      "note": "",
      "form_type": "",
      "style": "",
      "tags": []
    },
    {
      "text": "Kulungile / Akukho ngxaki.",
      "note": "",
      "form_type": "",
      "style": "",
      "tags": []
    },
    {
      "text": "Ndikunqwenelela ithamsanqa.",
      "note": "",
      "form_type": "",
      "style": "",
      "tags": []
    },
    {
      "text": "Ngubani ixesha ngoku?",
      "note": "",
      "form_type": "",
      "style": "",
      "tags": []
    },
    {
      "text": "Imozulu intle namhlanje.",
      "note": "",
      "form_type": "",
      "style": "",
      "tags": []
    },
    {
      "text": "Kuyabanda.",
      "note": "",
      "form_type": "",
      "style": "",
      "tags": []
    },
    {
      "text": "Kushushu.",
      "note": "",
      "form_type": "",
      "style": "",
      "tags": []
    },
    {
      "text": "Ndindiniwe.",
      "note": "",
      "form_type": "",
      "style": "",
      "tags": []
    },
    {
      "text": "Ndोनवuya.",
      "note": "",
      "form_type": "",
      "style": "",
      "tags": []
    },
    {
      "text": "Siyakuvuyisela.",
      "note": "",
      "form_type": "",
      "style": "",
      "tags": []
    },
    {
      "text": "Usuku lokuzalwa olumnandi.",
      "note": "",
      "form_type": "",
      "style": "",
      "tags": []
    },
    {
      "text": "Ube nosuku olumnandi.",
      "note": "",
      "form_type": "",
      "style": "",
      "tags": []
    },
    {
      "text": "Siza kubonana ngomso.",
      "note": "",
      "form_type": "",
      "style": "",
      "tags": []
    },
    {
      "text": "Uzigcine kakuhle.",
      "note": "",
      "form_type": "",
      "style": "",
      "tags": []
    },
    {
      "text": "Ngaba uyasithetha isiNgesi?",
      "note": "",
      "form_type": "",
      "style": "",
      "tags": []
    },
    {
      "text": "Ndithetha isiKorean kancinci nje.",
      "note": "",
      "form_type": "",
      "style": "",
      "tags": []
    },
    {
      "text": "Nceda uthethe kancinci.",
      "note": "",
      "form_type": "",
      "style": "",
      "tags": []
    },
    {
      "text": "Kuthetha ukuthini oku?",
      "note": "",
      "form_type": "",
      "style": "",
      "tags": []
    },
    {
      "text": "Kubizwa ntoni oku ngesiKorean?",
      "note": "",
      "form_type": "",
      "style": "",
      "tags": []
    },
    {
      "text": "Ndiyakuthanda.",
      "note": "",
      "form_type": "",
      "style": "",
      "tags": []
    },
    {
      "text": "Nceda ulinde.",
      "note": "",
      "form_type": "",
      "style": "",
      "tags": []
    },
    {
      "text": "Wamkelekile / Kulungile.",
      "note": "",
      "form_type": "",
      "style": "",
      "tags": []
    },
    {
      "text": "Hayi, enkosi.",
      "note": "",
      "form_type": "",
      "style": "",
      "tags": []
    },
    {
      "text": "Ndunombuzo.",
      "note": "",
      "form_type": "",
      "style": "",
      "tags": []
    }
  ]
}