{
  "default_type": "word",
  "subject": "50 Temel İsim",
  "pos": "noun",
  "entries": [
    {
      "text": "ben",
      "note": "",
      "tags": []
    },
    {
      "text": "sen / siz",
      "note": "",
      "tags": []
    },
    {
      "text": "bu",
      "note": "",
      "tags": []
    },
    {
      "text": "şu / o",
      "note": "",
      "tags": []
    },
    {
      "text": "kim",
      "note": "",
      "tags": []
    },
    {
      "text": "ne",
      "note": "",
      "tags": []
    },
    {
      "text": "nerede",
      "note": "",
      "tags": []
    },
    {
      "text": "ne zaman",
      "note": "",
      "tags": []
    },
    {
      "text": "neden",
      "note": "",
      "tags": []
    },
    {
      "text": "nasıl",
      "note": "",
      "tags": []
    },
    {
      "text": "kişi",
      "note": "",
      "tags": []
    },
    {
      "text": "arkadaş",
      "note": "",
      "tags": []
    },
    {
      "text": "aile",
      "note": "",
      "tags": []
    },
    {
      "text": "isim",
      "note": "",
      "tags": []
    },
    {
      "text": "ev",
      "note": "",
      "tags": []
    },
    {
      "text": "okul",
      "note": "",
      "tags": []
    },
    {
      "text": "şirket",
      "note": "",
      "tags": []
    },
    {
      "text": "hastane",
      "note": "",
      "tags": []
    },
    {
      "text": "pazar",
      "note": "",
      "tags": []
    },
    {
      "text": "restoran",
      "note": "",
      "tags": []
    },
    {
      "text": "kafe",
      "note": "",
      "tags": []
    },
    {
      "text": "tuvalet",
      "note": "",
      "tags": []
    },
    {
      "text": "kitap",
      "note": "",
      "tags": []
    },
    {
      "text": "su",
      "note": "",
      "tags": []
    },
    {
      "text": "yemek",
      "note": "",
      "tags": []
    },
    {
      "text": "para",
      "note": "",
      "tags": []
    },
    {
      "text": "giysi",
      "note": "",
      "tags": []
    },
    {
      "text": "ayakkabı",
      "note": "",
      "tags": []
    },
    {
      "text": "çanta",
      "note": "",
      "tags": []
    },
    {
      "text": "saat",
      "note": "",
      "tags": []
    },
    {
      "text": "telefon",
      "note": "",
      "tags": []
    },
    {
      "text": "bilgisayar",
      "note": "",
      "tags": []
    },
    {
      "text": "araba",
      "note": "",
      "tags": []
    },
    {
      "text": "Ay",
      "note": "gök cismi",
      "tags": []
    },
    {
      "text": "yıldız",
      "note": "uzay",
      "tags": []
    },
    {
      "text": "güneş",
      "note": "",
      "tags": []
    },
    {
      "text": "gökyüzü",
      "note": "",
      "tags": []
    },
    {
      "text": "deniz",
      "note": "",
      "tags": []
    },
    {
      "text": "dağ",
      "note": "",
      "tags": []
    },
    {
      "text": "çiçek",
      "note": "",
      "tags": []
    },
    {
      "text": "ağaç",
      "note": "",
      "tags": []
    },
    {
      "text": "köpek",
      "note": "",
      "tags": []
    },
    {
      "text": "kedi",
      "note": "",
      "tags": []
    },
    {
      "text": "bugün",
      "note": "",
      "tags": []
    },
    {
      "text": "yarın",
      "note": "",
      "tags": []
    },
    {
      "text": "dün",
      "note": "",
      "tags": []
    },
    {
      "text": "şimdi",
      "note": "",
      "tags": []
    },
    {
      "text": "zaman",
      "note": "",
      "tags": []
    },
    {
      "text": "gündüz / gün",
      "note": "",
      "tags": []
    },
    {
      "text": "gece",
      "note": "",
      "tags": []
    }
  ]
}