{
  "default_type": "word",
  "subject": "動詞 1",
  "pos": "動詞",
  "entries": [
    {
      "text": "去",
      "note": "",
      "tags": []
    },
    {
      "text": "來",
      "note": "",
      "tags": []
    },
    {
      "text": "吃",
      "note": "",
      "tags": []
    },
    {
      "text": "喝",
      "note": "",
      "tags": []
    },
    {
      "text": "睡覺",
      "note": "",
      "tags": []
    },
    {
      "text": "看",
      "note": "",
      "tags": []
    },
    {
      "text": "買",
      "note": "",
      "tags": []
    },
    {
      "text": "賣",
      "note": "",
      "tags": []
    },
    {
      "text": "讀",
      "note": "",
      "tags": []
    },
    {
      "text": "寫",
      "note": "寫字",
      "tags": []
    },
    {
      "text": "聽",
      "note": "",
      "tags": []
    },
    {
      "text": "說",
      "note": "",
      "tags": []
    },
    {
      "text": "做",
      "note": "",
      "tags": []
    },
    {
      "text": "工作",
      "note": "",
      "tags": []
    },
    {
      "text": "學習",
      "note": "",
      "tags": []
    },
    {
      "text": "教",
      "note": "",
      "tags": []
    },
    {
      "text": "學",
      "note": "",
      "tags": []
    },
    {
      "text": "等",
      "note": "",
      "tags": []
    },
    {
      "text": "見",
      "note": "",
      "tags": []
    },
    {
      "text": "愛",
      "note": "",
      "tags": []
    },
    {
      "text": "喜歡",
      "note": "",
      "tags": []
    },
    {
      "text": "討厭",
      "note": "",
      "tags": []
    },
    {
      "text": "笑",
      "note": "",
      "tags": []
    },
    {
      "text": "哭",
      "note": "",
      "tags": []
    },
    {
      "text": "走",
      "note": "",
      "tags": []
    },
    {
      "text": "跑",
      "note": "跑步",
      "tags": []
    },
    {
      "text": "坐",
      "note": "",
      "tags": []
    },
    {
      "text": "站",
      "note": "",
      "tags": []
    },
    {
      "text": "給",
      "note": "",
      "tags": []
    },
    {
      "text": "收",
      "note": "",
      "tags": []
    },
    {
      "text": "開",
      "note": "",
      "tags": []
    },
    {
      "text": "關",
      "note": "",
      "tags": []
    },
    {
      "text": "想",
      "note": "",
      "tags": []
    },
    {
      "text": "知道",
      "note": "",
      "tags": []
    },
    {
      "text": "不知道",
      "note": "",
      "tags": []
    },
    {
      "text": "找",
      "note": "",
      "tags": []
    },
    {
      "text": "丟",
      "note": "",
      "tags": []
    },
    {
      "text": "幫",
      "note": "",
      "tags": []
    },
    {
      "text": "洗",
      "note": "",
      "tags": []
    },
    {
      "text": "做飯",
      "note": "",
      "tags": []
    },
    {
      "text": "唱歌",
      "note": "",
      "tags": []
    },
    {
      "text": "跳舞",
      "note": "",
      "tags": []
    },
    {
      "text": "用",
      "note": "",
      "tags": []
    },
    {
      "text": "做",
      "note": "",
      "tags": []
    },
    {
      "text": "叫",
      "note": "歌曲 / 名字",
      "tags": []
    },
    {
      "text": "抓",
      "note": "",
      "tags": []
    },
    {
      "text": "放",
      "note": "",
      "tags": []
    },
    {
      "text": "進",
      "note": "",
      "tags": []
    },
    {
      "text": "出",
      "note": "",
      "tags": []
    },
    {
      "text": "乘",
      "note": "乘車",
      "tags": []
    },
    {
      "text": "下",
      "note": "下車",
      "tags": []
    },
    {
      "text": "送",
      "note": "",
      "tags": []
    },
    {
      "text": "付",
      "note": "提交",
      "tags": []
    },
    {
      "text": "過",
      "note": "問候",
      "tags": []
    },
    {
      "text": "開始",
      "note": "",
      "tags": []
    },
    {
      "text": "結束",
      "note": "",
      "tags": []
    },
    {
      "text": "歇",
      "note": "休息",
      "tags": []
    },
    {
      "text": "問",
      "note": "語言提問",
      "tags": []
    },
    {
      "text": "答",
      "note": "",
      "tags": []
    },
    {
      "text": "約",
      "note": "",
      "tags": []
    },
    {
      "text": "愁",
      "note": "",
      "tags": []
    },
    {
      "text": "信",
      "note": "",
      "tags": []
    },
    {
      "text": "疑",
      "note": "",
      "tags": []
    },
    {
      "text": "願 / 望",
      "note": "希望",
      "tags": []
    },
    {
      "text": "夢",
      "note": "",
      "tags": []
    },
    {
      "text": "吵",
      "note": "",
      "tags": []
    },
    {
      "text": "贏",
      "note": "",
      "tags": []
    },
    {
      "text": "輸",
      "note": "失敗",
      "tags": []
    },
    {
      "text": "長",
      "note": "成長",
      "tags": []
    },
    {
      "text": "活 / 住",
      "note": "",
      "tags": []
    },
    {
      "text": "死",
      "note": "",
      "tags": []
    },
    {
      "text": "撿",
      "note": "",
      "tags": []
    },
    {
      "text": "扔",
      "note": "",
      "tags": []
    },
    {
      "text": "藏",
      "note": "",
      "tags": []
    },
    {
      "text": "搜",
      "note": "",
      "tags": []
    },
    {
      "text": "選",
      "note": "",
      "tags": []
    },
    {
      "text": "換",
      "note": "",
      "tags": []
    },
    {
      "text": "訂",
      "note": "購買物品",
      "tags": []
    },
    {
      "text": "准",
      "note": "",
      "tags": []
    },
    {
      "text": "抓",
      "note": "",
      "tags": []
    },
    {
      "text": "扔",
      "note": "",
      "tags": []
    },
    {
      "text": "拉",
      "note": "",
      "tags": []
    },
    {
      "text": "推",
      "note": "",
      "tags": []
    },
    {
      "text": "修",
      "note": "修理",
      "tags": []
    },
    {
      "text": "壞",
      "note": "",
      "tags": []
    },
    {
      "text": "疼 / 病",
      "note": "",
      "tags": []
    },
    {
      "text": "治",
      "note": "",
      "tags": []
    },
    {
      "text": "運",
      "note": "",
      "tags": []
    },
    {
      "text": "泳",
      "note": "",
      "tags": []
    },
    {
      "text": "旅",
      "note": "",
      "tags": []
    },
    {
      "text": "開",
      "note": "",
      "tags": []
    },
    {
      "text": "掃",
      "note": "",
      "tags": []
    },
    {
      "text": "洗",
      "note": "",
      "tags": []
    },
    {
      "text": "洗",
      "note": "",
      "tags": []
    },
    {
      "text": "洗",
      "note": "",
      "tags": []
    },
    {
      "text": "刷",
      "note": "",
      "tags": []
    },
    {
      "text": "起",
      "note": "起床",
      "tags": []
    },
    {
      "text": "睡",
      "note": "就寢",
      "tags": []
    },
    {
      "text": "懂",
      "note": "",
      "tags": []
    },
    {
      "text": "記",
      "note": "",
      "tags": []
    }
  ]
}