{
  "default_type": "word",
  "subject": "50 बुनियादी संज्ञाएं",
  "pos": "noun",
  "entries": [
    {
      "text": "मैं",
      "note": "",
      "tags": []
    },
    {
      "text": "आप / तुम",
      "note": "",
      "tags": []
    },
    {
      "text": "यह",
      "note": "",
      "tags": []
    },
    {
      "text": "वह",
      "note": "",
      "tags": []
    },
    {
      "text": "कौन",
      "note": "",
      "tags": []
    },
    {
      "text": "क्या",
      "note": "",
      "tags": []
    },
    {
      "text": "कहाँ",
      "note": "",
      "tags": []
    },
    {
      "text": "कब",
      "note": "",
      "tags": []
    },
    {
      "text": "क्यों",
      "note": "",
      "tags": []
    },
    {
      "text": "कैसे",
      "note": "",
      "tags": []
    },
    {
      "text": "लोग",
      "note": "",
      "tags": []
    },
    {
      "text": "दोस्त",
      "note": "",
      "tags": []
    },
    {
      "text": "परिवार",
      "note": "",
      "tags": []
    },
    {
      "text": "नाम",
      "note": "",
      "tags": []
    },
    {
      "text": "घर",
      "note": "",
      "tags": []
    },
    {
      "text": "स्कूल",
      "note": "",
      "tags": []
    },
    {
      "text": "कंपनी",
      "note": "",
      "tags": []
    },
    {
      "text": "अस्पताल",
      "note": "",
      "tags": []
    },
    {
      "text": "बाज़ार",
      "note": "",
      "tags": []
    },
    {
      "text": "रेस्तरां",
      "note": "",
      "tags": []
    },
    {
      "text": "कॉफी शॉप",
      "note": "",
      "tags": []
    },
    {
      "text": "शौचालय",
      "note": "",
      "tags": []
    },
    {
      "text": "किताब",
      "note": "",
      "tags": []
    },
    {
      "text": "पानी",
      "note": "",
      "tags": []
    },
    {
      "text": "खाना",
      "note": "",
      "tags": []
    },
    {
      "text": "पैसा",
      "note": "",
      "tags": []
    },
    {
      "text": "कपड़े",
      "note": "",
      "tags": []
    },
    {
      "text": "जूते",
      "note": "",
      "tags": []
    },
    {
      "text": "बैग",
      "note": "",
      "tags": []
    },
    {
      "text": "घड़ी",
      "note": "",
      "tags": []
    },
    {
      "text": "फोन",
      "note": "",
      "tags": []
    },
    {
      "text": "कंप्यूटर",
      "note": "",
      "tags": []
    },
    {
      "text": "कार",
      "note": "",
      "tags": []
    },
    {
      "text": "चाँद",
      "note": "चंद्र",
      "tags": []
    },
    {
      "text": "सितारा",
      "note": "अन्तरीक्ष",
      "tags": []
    },
    {
      "text": "सूरज",
      "note": "",
      "tags": []
    },
    {
      "text": "आसमान",
      "note": "",
      "tags": []
    },
    {
      "text": "समुद्र",
      "note": "",
      "tags": []
    },
    {
      "text": "पहाड़",
      "note": "",
      "tags": []
    },
    {
      "text": "फूल",
      "note": "",
      "tags": []
    },
    {
      "text": "पेड़",
      "note": "",
      "tags": []
    },
    {
      "text": "कुत्ता",
      "note": "",
      "tags": []
    },
    {
      "text": "बिल्ली",
      "note": "",
      "tags": []
    },
    {
      "text": "आज",
      "note": "",
      "tags": []
    },
    {
      "text": "कल",
      "note": "",
      "tags": []
    },
    {
      "text": "कल (बीता हुआ)",
      "note": "",
      "tags": []
    },
    {
      "text": "अभी",
      "note": "",
      "tags": []
    },
    {
      "text": "समय",
      "note": "",
      "tags": []
    },
    {
      "text": "दिन",
      "note": "",
      "tags": []
    },
    {
      "text": "रात",
      "note": "",
      "tags": []
    }
  ]
}