{
  "default_type": "word",
  "subject": "100 बुनियादी क्रियाएं",
  "pos": "verb",
  "entries": [
    {
      "text": "जाना",
      "note": "",
      "tags": []
    },
    {
      "text": "आना",
      "note": "",
      "tags": []
    },
    {
      "text": "खाना",
      "note": "",
      "tags": []
    },
    {
      "text": "पीना",
      "note": "",
      "tags": []
    },
    {
      "text": "सोना",
      "note": "",
      "tags": []
    },
    {
      "text": "देखना",
      "note": "",
      "tags": []
    },
    {
      "text": "खरीदना",
      "note": "",
      "tags": []
    },
    {
      "text": "बेचना",
      "note": "",
      "tags": []
    },
    {
      "text": "पढ़ना",
      "note": "",
      "tags": []
    },
    {
      "text": "लिखना",
      "note": "लिखना",
      "tags": []
    },
    {
      "text": "सुनना",
      "note": "",
      "tags": []
    },
    {
      "text": "बोलना",
      "note": "",
      "tags": []
    },
    {
      "text": "करना",
      "note": "",
      "tags": []
    },
    {
      "text": "काम करना",
      "note": "",
      "tags": []
    },
    {
      "text": "अध्ययन करना",
      "note": "",
      "tags": []
    },
    {
      "text": "सिखाना",
      "note": "",
      "tags": []
    },
    {
      "text": "सीखना",
      "note": "",
      "tags": []
    },
    {
      "text": "प्रतीक्षा करना",
      "note": "",
      "tags": []
    },
    {
      "text": "मिलना",
      "note": "",
      "tags": []
    },
    {
      "text": "प्रेम करना",
      "note": "",
      "tags": []
    },
    {
      "text": "पसंद करना",
      "note": "",
      "tags": []
    },
    {
      "text": "घृणा करना",
      "note": "",
      "tags": []
    },
    {
      "text": "हंसना",
      "note": "",
      "tags": []
    },
    {
      "text": "रोना",
      "note": "",
      "tags": []
    },
    {
      "text": "चलना",
      "note": "",
      "tags": []
    },
    {
      "text": "दौड़ना",
      "note": "दौड़ना",
      "tags": []
    },
    {
      "text": "बैठना",
      "note": "",
      "tags": []
    },
    {
      "text": "खड़े होना",
      "note": "",
      "tags": []
    },
    {
      "text": "देना",
      "note": "",
      "tags": []
    },
    {
      "text": "प्राप्त करना",
      "note": "",
      "tags": []
    },
    {
      "text": "खोलना",
      "note": "",
      "tags": []
    },
    {
      "text": "बंद करना",
      "note": "",
      "tags": []
    },
    {
      "text": "सोचना",
      "note": "",
      "tags": []
    },
    {
      "text": "जानना",
      "note": "",
      "tags": []
    },
    {
      "text": "नहीं जानना",
      "note": "",
      "tags": []
    },
    {
      "text": "खोजना / पाना",
      "note": "",
      "tags": []
    },
    {
      "text": "खोना",
      "note": "",
      "tags": []
    },
    {
      "text": "मदद करना",
      "note": "",
      "tags": []
    },
    {
      "text": "धोना",
      "note": "",
      "tags": []
    },
    {
      "text": "पकाना",
      "note": "",
      "tags": []
    },
    {
      "text": "गाना",
      "note": "",
      "tags": []
    },
    {
      "text": "नाचना",
      "note": "",
      "tags": []
    },
    {
      "text": "उपयोग करना",
      "note": "",
      "tags": []
    },
    {
      "text": "बनाना",
      "note": "",
      "tags": []
    },
    {
      "text": "पुकारना / गाना",
      "note": "गीत / नाम",
      "tags": []
    },
    {
      "text": "पकड़ना",
      "note": "",
      "tags": []
    },
    {
      "text": "रखना / छोड़ देना",
      "note": "",
      "tags": []
    },
    {
      "text": "प्रवेश करना",
      "note": "",
      "tags": []
    },
    {
      "text": "बाहर जाना",
      "note": "",
      "tags": []
    },
    {
      "text": "सवार होना",
      "note": "वाहन",
      "tags": []
    },
    {
      "text": "उतरना",
      "note": "वाहन",
      "tags": []
    },
    {
      "text": "भेजना",
      "note": "",
      "tags": []
    },
    {
      "text": "जमा करना",
      "note": "जमा",
      "tags": []
    },
    {
      "text": "हाल-चाल",
      "note": "अभिवादन",
      "tags": []
    },
    {
      "text": "शुरू करना",
      "note": "",
      "tags": []
    },
    {
      "text": "समाप्त करना",
      "note": "",
      "tags": []
    },
    {
      "text": "आराम करना",
      "note": "आराम",
      "tags": []
    },
    {
      "text": "पूछना",
      "note": "प्रश्न",
      "tags": []
    },
    {
      "text": "उत्तर देना",
      "note": "",
      "tags": []
    },
    {
      "text": "वादा करना",
      "note": "",
      "tags": []
    },
    {
      "text": "चिंता करना",
      "note": "",
      "tags": []
    },
    {
      "text": "विश्वास करना",
      "note": "",
      "tags": []
    },
    {
      "text": "संदेह करना",
      "note": "",
      "tags": []
    },
    {
      "text": "इच्छा / आशा करना",
      "note": "आशा",
      "tags": []
    },
    {
      "text": "सपना देखना",
      "note": "",
      "tags": []
    },
    {
      "text": "लड़ना",
      "note": "",
      "tags": []
    },
    {
      "text": "जीतना",
      "note": "",
      "tags": []
    },
    {
      "text": "हारना",
      "note": "हार",
      "tags": []
    },
    {
      "text": "बढ़ना",
      "note": "विकास",
      "tags": []
    },
    {
      "text": "जीना / रहना",
      "note": "",
      "tags": []
    },
    {
      "text": "मरना",
      "note": "",
      "tags": []
    },
    {
      "text": "उठाना",
      "note": "",
      "tags": []
    },
    {
      "text": "फेंकना",
      "note": "",
      "tags": []
    },
    {
      "text": "छिपाना",
      "note": "",
      "tags": []
    },
    {
      "text": "तलाश करना",
      "note": "",
      "tags": []
    },
    {
      "text": "चुनना",
      "note": "",
      "tags": []
    },
    {
      "text": "बदलना",
      "note": "",
      "tags": []
    },
    {
      "text": "ऑर्डर करना",
      "note": "सामान खरीदना",
      "tags": []
    },
    {
      "text": "तैयार करना",
      "note": "",
      "tags": []
    },
    {
      "text": "पकड़ना",
      "note": "",
      "tags": []
    },
    {
      "text": "फेंकना",
      "note": "",
      "tags": []
    },
    {
      "text": "खींचना",
      "note": "",
      "tags": []
    },
    {
      "text": "धकेलना",
      "note": "",
      "tags": []
    },
    {
      "text": "सुधारना",
      "note": "मरम्मत",
      "tags": []
    },
    {
      "text": "टूटना",
      "note": "",
      "tags": []
    },
    {
      "text": "बीमार होना / दर्द होना",
      "note": "",
      "tags": []
    },
    {
      "text": "इलाज करना",
      "note": "",
      "tags": []
    },
    {
      "text": "व्यायाम करना",
      "note": "",
      "tags": []
    },
    {
      "text": "तैरना",
      "note": "",
      "tags": []
    },
    {
      "text": "यात्रा करना",
      "note": "",
      "tags": []
    },
    {
      "text": "गाड़ी चलाना",
      "note": "",
      "tags": []
    },
    {
      "text": "सफाई करना",
      "note": "",
      "tags": []
    },
    {
      "text": "बर्तन धोना",
      "note": "",
      "tags": []
    },
    {
      "text": "कपड़े धोना",
      "note": "",
      "tags": []
    },
    {
      "text": "नहाना",
      "note": "",
      "tags": []
    },
    {
      "text": "ब्रश करना",
      "note": "",
      "tags": []
    },
    {
      "text": "जागना / उठना",
      "note": "जागना",
      "tags": []
    },
    {
      "text": "सोने जाना",
      "note": "नींद",
      "tags": []
    },
    {
      "text": "समझना",
      "note": "",
      "tags": []
    },
    {
      "text": "याद रखना",
      "note": "",
      "tags": []
    }
  ]
}