{
  "default_type": "word",
  "subject": "Grunnatriði nafnorða 50",
  "pos": "noun",
  "entries": [
    {
      "text": "Manneskja",
      "note": "",
      "tags": []
    },
    {
      "text": "Vatn",
      "note": "Drykkjarvatn",
      "tags": []
    },
    {
      "text": "Hrísgrjón / Máltíð",
      "note": "Máltíð",
      "tags": []
    },
    {
      "text": "Brauð",
      "note": "",
      "tags": []
    },
    {
      "text": "Epli",
      "note": "Ávöxtur",
      "tags": []
    },
    {
      "text": "Mjólk",
      "note": "",
      "tags": []
    },
    {
      "text": "Kjöt",
      "note": "",
      "tags": []
    },
    {
      "text": "Föt",
      "note": "",
      "tags": []
    },
    {
      "text": "Hús",
      "note": "Húsnæði",
      "tags": []
    },
    {
      "text": "Herbergi",
      "note": "",
      "tags": []
    },
    {
      "text": "Gluggi",
      "note": "",
      "tags": []
    },
    {
      "text": "Dyr",
      "note": "Inngangur",
      "tags": []
    },
    {
      "text": "Skrifborð",
      "note": "",
      "tags": []
    },
    {
      "text": "Stóll",
      "note": "",
      "tags": []
    },
    {
      "text": "Tölva",
      "note": "",
      "tags": []
    },
    {
      "text": "Sími",
      "note": "",
      "tags": []
    },
    {
      "text": "Bók",
      "note": "Bókasafn",
      "tags": []
    },
    {
      "text": "Blýantur",
      "note": "",
      "tags": []
    },
    {
      "text": "Pappír",
      "note": "",
      "tags": []
    },
    {
      "text": "Taska",
      "note": "",
      "tags": []
    },
    {
      "text": "Skóli",
      "note": "",
      "tags": []
    },
    {
      "text": "Fyrirtæki",
      "note": "",
      "tags": []
    },
    {
      "text": "Sjúkrahús",
      "note": "",
      "tags": []
    },
    {
      "text": "Apótek",
      "note": "",
      "tags": []
    },
    {
      "text": "Veitingastaður",
      "note": "",
      "tags": []
    },
    {
      "text": "Markaður",
      "note": "Markaðstorg",
      "tags": []
    },
    {
      "text": "Neðanjarðarlest",
      "note": "",
      "tags": []
    },
    {
      "text": "Strætó",
      "note": "",
      "tags": []
    },
    {
      "text": "Leigubíll",
      "note": "",
      "tags": []
    },
    {
      "text": "Flugvél",
      "note": "",
      "tags": []
    },
    {
      "text": "Lest",
      "note": "",
      "tags": []
    },
    {
      "text": "Reiðhjól",
      "note": "",
      "tags": []
    },
    {
      "text": "Vegur",
      "note": "Vegur",
      "tags": []
    },
    {
      "text": "Fjall",
      "note": "",
      "tags": []
    },
    {
      "text": "Sjór",
      "note": "",
      "tags": []
    },
    {
      "text": "Fljót",
      "note": "",
      "tags": []
    },
    {
      "text": "Himinn",
      "note": "",
      "tags": []
    },
    {
      "text": "Sól / Ár",
      "note": "Sól / Ár",
      "tags": []
    },
    {
      "text": "Tungl",
      "note": "Gervihnöttur",
      "tags": []
    },
    {
      "text": "Stjarna",
      "note": "Himinfyrirbæri",
      "tags": []
    },
    {
      "text": "Tré",
      "note": "",
      "tags": []
    },
    {
      "text": "Blóm",
      "note": "",
      "tags": []
    },
    {
      "text": "Hvolpur",
      "note": "",
      "tags": []
    },
    {
      "text": "Köttur",
      "note": "",
      "tags": []
    },
    {
      "text": "Peningar",
      "note": "Fé",
      "tags": []
    },
    {
      "text": "Tími",
      "note": "",
      "tags": []
    },
    {
      "text": "Í dag",
      "note": "",
      "tags": []
    },
    {
      "text": "Á morgun",
      "note": "",
      "tags": []
    },
    {
      "text": "Í gær",
      "note": "",
      "tags": []
    },
    {
      "text": "Vinur",
      "note": "",
      "tags": []
    }
  ]
}