{
  "default_type": "word",
  "subject": "100 ਬੁਨਿਆਦੀ ਕਿਰਿਆਵਾਂ",
  "pos": "verb",
  "entries": [
    {
      "text": "ਜਾਣਾ",
      "note": "",
      "tags": []
    },
    {
      "text": "ਆਉਣਾ",
      "note": "",
      "tags": []
    },
    {
      "text": "ਖਾਣਾ",
      "note": "",
      "tags": []
    },
    {
      "text": "ਪੀਣਾ",
      "note": "",
      "tags": []
    },
    {
      "text": "ਸੌਣਾ",
      "note": "",
      "tags": []
    },
    {
      "text": "ਦੇਖਣਾ",
      "note": "",
      "tags": []
    },
    {
      "text": "ਖਰੀਦਣਾ",
      "note": "",
      "tags": []
    },
    {
      "text": "ਵੇਚਣਾ",
      "note": "",
      "tags": []
    },
    {
      "text": "ਪੜ੍ਹਨਾ",
      "note": "",
      "tags": []
    },
    {
      "text": "ਲਿਖਣਾ",
      "note": "ਲਿਖਤ",
      "tags": []
    },
    {
      "text": "ਸੁਣਨਾ",
      "note": "",
      "tags": []
    },
    {
      "text": "ਬੋਲਣਾ",
      "note": "",
      "tags": []
    },
    {
      "text": "ਕਰਨਾ",
      "note": "",
      "tags": []
    },
    {
      "text": "ਕੰਮ ਕਰਨਾ",
      "note": "",
      "tags": []
    },
    {
      "text": "ਪੜ੍ਹਾਈ ਕਰਨਾ",
      "note": "",
      "tags": []
    },
    {
      "text": "ਸਿਖਾਉਣਾ",
      "note": "",
      "tags": []
    },
    {
      "text": "ਸਿੱਖਣਾ",
      "note": "",
      "tags": []
    },
    {
      "text": "ਉਡੀਕ ਕਰਨਾ",
      "note": "",
      "tags": []
    },
    {
      "text": "ਮਿਲਣਾ",
      "note": "",
      "tags": []
    },
    {
      "text": "ਪਿਆਰ ਕਰਨਾ",
      "note": "",
      "tags": []
    },
    {
      "text": "ਪਸੰਦ ਕਰਨਾ",
      "note": "",
      "tags": []
    },
    {
      "text": "ਨਫ਼ਰਤ ਕਰਨਾ",
      "note": "",
      "tags": []
    },
    {
      "text": "ਹੱਸਣਾ",
      "note": "",
      "tags": []
    },
    {
      "text": "ਰੋਣਾ",
      "note": "",
      "tags": []
    },
    {
      "text": "ਚੱਲਣਾ",
      "note": "",
      "tags": []
    },
    {
      "text": "ਦੌੜਨਾ",
      "note": "ਦੌੜਨਾ",
      "tags": []
    },
    {
      "text": "ਬੈਠਣਾ",
      "note": "",
      "tags": []
    },
    {
      "text": "ਖੜ੍ਹੇ ਹੋਣਾ",
      "note": "",
      "tags": []
    },
    {
      "text": "ਦੇਣਾ",
      "note": "",
      "tags": []
    },
    {
      "text": "ਪ੍ਰਾਪਤ ਕਰਨਾ",
      "note": "",
      "tags": []
    },
    {
      "text": "ਖੋਲ੍ਹਣਾ",
      "note": "",
      "tags": []
    },
    {
      "text": "ਬੰਦ ਕਰਨਾ",
      "note": "",
      "tags": []
    },
    {
      "text": "ਸੋਚਣਾ",
      "note": "",
      "tags": []
    },
    {
      "text": "ਜਾਣਨਾ",
      "note": "",
      "tags": []
    },
    {
      "text": "ਨਾ ਜਾਣਨਾ",
      "note": "",
      "tags": []
    },
    {
      "text": "ਲੱਭਣਾ / ਪਾਉਣਾ",
      "note": "",
      "tags": []
    },
    {
      "text": "ਗੁਆਉਣਾ",
      "note": "",
      "tags": []
    },
    {
      "text": "ਮਦਦ ਕਰਨਾ",
      "note": "",
      "tags": []
    },
    {
      "text": "ਧੋਣਾ",
      "note": "",
      "tags": []
    },
    {
      "text": "ਪਕਾਉਣਾ",
      "note": "",
      "tags": []
    },
    {
      "text": "ਗਾਉਣਾ",
      "note": "",
      "tags": []
    },
    {
      "text": "ਨੱਚਣਾ",
      "note": "",
      "tags": []
    },
    {
      "text": "ਵਰਤੋਂ ਕਰਨਾ",
      "note": "",
      "tags": []
    },
    {
      "text": "ਬਣਾਉਣਾ",
      "note": "",
      "tags": []
    },
    {
      "text": "ਬੁਲਾਉਣਾ / ਗਾਉਣਾ",
      "note": "ਗੀਤ / ਨਾਮ",
      "tags": []
    },
    {
      "text": "ਫੜਨਾ",
      "note": "",
      "tags": []
    },
    {
      "text": "ਰੱਖਣਾ / ਛੱਡ ਦੇਣਾ",
      "note": "",
      "tags": []
    },
    {
      "text": "ਦਾਖਲ ਹੋਣਾ",
      "note": "",
      "tags": []
    },
    {
      "text": "ਬਾਹਰ ਜਾਣਾ",
      "note": "",
      "tags": []
    },
    {
      "text": "ਚੜ੍ਹਨਾ",
      "note": "ਵਾਹਨ",
      "tags": []
    },
    {
      "text": "ਉਤਰਨਾ",
      "note": "ਵਾਹਨ",
      "tags": []
    },
    {
      "text": "ਭੇਜਣਾ",
      "note": "",
      "tags": []
    },
    {
      "text": "ਜਮ੍ਹਾਂ ਕਰਨਾ",
      "note": "ਜਮ੍ਹਾਂ",
      "tags": []
    },
    {
      "text": "ਕਿਵੇਂ ਹੋ",
      "note": "ਸ਼ੁਭਕਾਮਨਾਵਾਂ",
      "tags": []
    },
    {
      "text": "ਸ਼ੁਰੂ ਕਰਨਾ",
      "note": "",
      "tags": []
    },
    {
      "text": "ਖ਼ਤਮ ਕਰਨਾ",
      "note": "",
      "tags": []
    },
    {
      "text": "ਆਰਾਮ ਕਰਨਾ",
      "note": "ਆਰਾਮ",
      "tags": []
    },
    {
      "text": "ਪੁੱਛਣਾ",
      "note": "ਸਵਾਲ",
      "tags": []
    },
    {
      "text": "ਜਵਾਬ ਦੇਣਾ",
      "note": "",
      "tags": []
    },
    {
      "text": "ਵਾਅਦਾ ਕਰਨਾ",
      "note": "",
      "tags": []
    },
    {
      "text": "ਚਿੰਤਾ ਕਰਨਾ",
      "note": "",
      "tags": []
    },
    {
      "text": "ਭਰੋਸਾ ਕਰਨਾ",
      "note": "",
      "tags": []
    },
    {
      "text": "ਸ਼ੱਕ ਕਰਨਾ",
      "note": "",
      "tags": []
    },
    {
      "text": "ਇੱਛਾ / ਉਮੀਦ ਕਰਨਾ",
      "note": "ਉਮੀਦ",
      "tags": []
    },
    {
      "text": "ਸੁਪਨਾ ਦੇਖਣਾ",
      "note": "",
      "tags": []
    },
    {
      "text": "ਲੜਨਾ",
      "note": "",
      "tags": []
    },
    {
      "text": "ਜਿੱਤਣਾ",
      "note": "",
      "tags": []
    },
    {
      "text": "ਹਾਰਨਾ",
      "note": "ਹਾਰ",
      "tags": []
    },
    {
      "text": "ਵਧਣਾ",
      "note": "ਵਿਕਾਸ",
      "tags": []
    },
    {
      "text": "ਜੀਉਣਾ / ਰਹਿਣਾ",
      "note": "",
      "tags": []
    },
    {
      "text": "ਮਰਨਾ",
      "note": "",
      "tags": []
    },
    {
      "text": "ਚੁੱਕਣਾ",
      "note": "",
      "tags": []
    },
    {
      "text": "ਸੁੱਟ ਦੇਣਾ",
      "note": "",
      "tags": []
    },
    {
      "text": "ਛੁਪਾਉਣਾ",
      "note": "",
      "tags": []
    },
    {
      "text": "ਤਲਾਸ਼ ਕਰਨਾ",
      "note": "",
      "tags": []
    },
    {
      "text": "ਚੁਣਨਾ",
      "note": "",
      "tags": []
    },
    {
      "text": "ਬਦਲਣਾ",
      "note": "",
      "tags": []
    },
    {
      "text": "ਆਰਡਰ ਕਰੋ",
      "note": "ਵਸਤੂਆਂ ਦੀ ਖਰੀਦ",
      "tags": []
    },
    {
      "text": "ਤਿਆਰ ਕਰਨਾ",
      "note": "",
      "tags": []
    },
    {
      "text": "ਫੜਨਾ",
      "note": "",
      "tags": []
    },
    {
      "text": "ਸੁੱਟਣਾ",
      "note": "",
      "tags": []
    },
    {
      "text": "ਖਿੱਚਣਾ",
      "note": "",
      "tags": []
    },
    {
      "text": "ਧੱਕਣਾ",
      "note": "",
      "tags": []
    },
    {
      "text": "ਠੀਕ ਕਰਨਾ",
      "note": "ਮੁਰੰਮਤ",
      "tags": []
    },
    {
      "text": "ਟੁੱਟਣਾ",
      "note": "",
      "tags": []
    },
    {
      "text": "ਬਿਮਾਰ ਹੋਣਾ / ਦਰਦ ਹੋਣਾ",
      "note": "",
      "tags": []
    },
    {
      "text": "ਇਲਾਜ ਕਰਨਾ",
      "note": "",
      "tags": []
    },
    {
      "text": "ਕਸਰਤ ਕਰਨਾ",
      "note": "",
      "tags": []
    },
    {
      "text": "ਤਰਨਾ",
      "note": "",
      "tags": []
    },
    {
      "text": "ਯਾਤਰਾ ਕਰਨਾ",
      "note": "",
      "tags": []
    },
    {
      "text": "ਗੱਡੀ ਚਲਾਉਣਾ",
      "note": "",
      "tags": []
    },
    {
      "text": "ਸਫਾਈ ਕਰਨਾ",
      "note": "",
      "tags": []
    },
    {
      "text": "ਭਾਂਡੇ ਮਾਂਜਣਾ",
      "note": "",
      "tags": []
    },
    {
      "text": "ਕੱਪੜੇ ਧੋਣਾ",
      "note": "",
      "tags": []
    },
    {
      "text": "ਨਹਾਉਣਾ",
      "note": "",
      "tags": []
    },
    {
      "text": "ਬਰੁਸ਼ ਕਰਨਾ",
      "note": "",
      "tags": []
    },
    {
      "text": "ਜਾਗਣਾ / ਉੱਠਣਾ",
      "note": "ਜਾਗਣਾ",
      "tags": []
    },
    {
      "text": "ਸੌਣ ਜਾਣਾ",
      "note": "ਨੀਂਦ",
      "tags": []
    },
    {
      "text": "ਸਮਝਣਾ",
      "note": "",
      "tags": []
    },
    {
      "text": "ਯਾਦ ਰੱਖਣਾ",
      "note": "",
      "tags": []
    }
  ]
}