{
  "default_type": "word",
  "subject": "50 அடிப்படைப் பெயர்ச்சொற்கள்",
  "pos": "noun",
  "entries": [
    {
      "text": "நான்",
      "note": "",
      "tags": []
    },
    {
      "text": "நீ / நீங்கள்",
      "note": "",
      "tags": []
    },
    {
      "text": "இது",
      "note": "",
      "tags": []
    },
    {
      "text": "அது",
      "note": "",
      "tags": []
    },
    {
      "text": "யார்",
      "note": "",
      "tags": []
    },
    {
      "text": "என்ன",
      "note": "",
      "tags": []
    },
    {
      "text": "எங்கே",
      "note": "",
      "tags": []
    },
    {
      "text": "எப்போது",
      "note": "",
      "tags": []
    },
    {
      "text": "ஏன்",
      "note": "",
      "tags": []
    },
    {
      "text": "எப்படி",
      "note": "",
      "tags": []
    },
    {
      "text": "மக்கள்",
      "note": "",
      "tags": []
    },
    {
      "text": "நண்பன்",
      "note": "",
      "tags": []
    },
    {
      "text": "குடும்பம்",
      "note": "",
      "tags": []
    },
    {
      "text": "பெயர்",
      "note": "",
      "tags": []
    },
    {
      "text": "வீடு",
      "note": "",
      "tags": []
    },
    {
      "text": "பள்ளி",
      "note": "",
      "tags": []
    },
    {
      "text": "நிறுவனம்",
      "note": "",
      "tags": []
    },
    {
      "text": "மருத்துவமனை",
      "note": "",
      "tags": []
    },
    {
      "text": "சந்தை",
      "note": "",
      "tags": []
    },
    {
      "text": "உணவகம்",
      "note": "",
      "tags": []
    },
    {
      "text": "காபி ஷாப்",
      "note": "",
      "tags": []
    },
    {
      "text": "கழிப்பறை",
      "note": "",
      "tags": []
    },
    {
      "text": "புத்தகம்",
      "note": "",
      "tags": []
    },
    {
      "text": "தண்ணீர்",
      "note": "",
      "tags": []
    },
    {
      "text": "உணவு",
      "note": "",
      "tags": []
    },
    {
      "text": "பணம்",
      "note": "",
      "tags": []
    },
    {
      "text": "ஆடை",
      "note": "",
      "tags": []
    },
    {
      "text": "காலணி",
      "note": "",
      "tags": []
    },
    {
      "text": "பை",
      "note": "",
      "tags": []
    },
    {
      "text": "கடிகாரம்",
      "note": "",
      "tags": []
    },
    {
      "text": "தொலைபேசி",
      "note": "",
      "tags": []
    },
    {
      "text": "கணினி",
      "note": "",
      "tags": []
    },
    {
      "text": "கார்",
      "note": "",
      "tags": []
    },
    {
      "text": "நிலா",
      "note": "சந்திரன்",
      "tags": []
    },
    {
      "text": "நட்சத்திரம்",
      "note": "விண்வெளியில்",
      "tags": []
    },
    {
      "text": "சூரியன்",
      "note": "",
      "tags": []
    },
    {
      "text": "வானம்",
      "note": "",
      "tags": []
    },
    {
      "text": "கடல்",
      "note": "",
      "tags": []
    },
    {
      "text": "மலை",
      "note": "",
      "tags": []
    },
    {
      "text": "மலர்",
      "note": "",
      "tags": []
    },
    {
      "text": "மரம்",
      "note": "",
      "tags": []
    },
    {
      "text": "நாய்",
      "note": "",
      "tags": []
    },
    {
      "text": "பூனை",
      "note": "",
      "tags": []
    },
    {
      "text": "இன்று",
      "note": "",
      "tags": []
    },
    {
      "text": "நாளை",
      "note": "",
      "tags": []
    },
    {
      "text": "நேற்று",
      "note": "",
      "tags": []
    },
    {
      "text": "இப்போது",
      "note": "",
      "tags": []
    },
    {
      "text": "நேரம்",
      "note": "",
      "tags": []
    },
    {
      "text": "பகல்",
      "note": "",
      "tags": []
    },
    {
      "text": "இரவு",
      "note": "",
      "tags": []
    }
  ]
}