{
  "default_type": "word",
  "subject": "100 அடிப்படை வினைகள்",
  "pos": "verb",
  "entries": [
    {
      "text": "போ",
      "note": "",
      "tags": []
    },
    {
      "text": "வா",
      "note": "",
      "tags": []
    },
    {
      "text": "சாப்பிடு",
      "note": "",
      "tags": []
    },
    {
      "text": "குடி",
      "note": "",
      "tags": []
    },
    {
      "text": "தூங்கு",
      "note": "",
      "tags": []
    },
    {
      "text": "பார்",
      "note": "",
      "tags": []
    },
    {
      "text": "வாங்கு",
      "note": "",
      "tags": []
    },
    {
      "text": "வில்",
      "note": "",
      "tags": []
    },
    {
      "text": "படி",
      "note": "",
      "tags": []
    },
    {
      "text": "எழுது",
      "note": "எழுத்து",
      "tags": []
    },
    {
      "text": "கேள்",
      "note": "",
      "tags": []
    },
    {
      "text": "பேசு",
      "note": "",
      "tags": []
    },
    {
      "text": "செய்",
      "note": "",
      "tags": []
    },
    {
      "text": "வேலை செய்",
      "note": "",
      "tags": []
    },
    {
      "text": "படி / கவனி",
      "note": "",
      "tags": []
    },
    {
      "text": "கற்றுக்கொடு",
      "note": "",
      "tags": []
    },
    {
      "text": "கற்றுக்கொள்",
      "note": "",
      "tags": []
    },
    {
      "text": "காத்திரு",
      "note": "",
      "tags": []
    },
    {
      "text": "சந்தி",
      "note": "",
      "tags": []
    },
    {
      "text": "நேசி",
      "note": "",
      "tags": []
    },
    {
      "text": "பிடி",
      "note": "",
      "tags": []
    },
    {
      "text": "வெறு",
      "note": "",
      "tags": []
    },
    {
      "text": "சிரி",
      "note": "",
      "tags": []
    },
    {
      "text": "அழு",
      "note": "",
      "tags": []
    },
    {
      "text": "நட",
      "note": "",
      "tags": []
    },
    {
      "text": "ஓடு",
      "note": "ஓட்டம்",
      "tags": []
    },
    {
      "text": "உட்கார்",
      "note": "",
      "tags": []
    },
    {
      "text": "நில்",
      "note": "",
      "tags": []
    },
    {
      "text": "கொடு",
      "note": "",
      "tags": []
    },
    {
      "text": "பெறு",
      "note": "",
      "tags": []
    },
    {
      "text": "திற",
      "note": "",
      "tags": []
    },
    {
      "text": "மூடு",
      "note": "",
      "tags": []
    },
    {
      "text": "நினை",
      "note": "",
      "tags": []
    },
    {
      "text": "தெரியும்",
      "note": "",
      "tags": []
    },
    {
      "text": "தெரியாது",
      "note": "",
      "tags": []
    },
    {
      "text": "தேடு / கண்டுபிடி",
      "note": "",
      "tags": []
    },
    {
      "text": "தொலை",
      "note": "",
      "tags": []
    },
    {
      "text": "உதவி செய்",
      "note": "",
      "tags": []
    },
    {
      "text": "கழுவு",
      "note": "",
      "tags": []
    },
    {
      "text": "சமை",
      "note": "",
      "tags": []
    },
    {
      "text": "பாடு",
      "note": "",
      "tags": []
    },
    {
      "text": "ஆடு",
      "note": "",
      "tags": []
    },
    {
      "text": "பயன்படுத்து",
      "note": "",
      "tags": []
    },
    {
      "text": "உருவாக்கு",
      "note": "",
      "tags": []
    },
    {
      "text": "அழை / பாடு",
      "note": "பாடல் / பெயர்",
      "tags": []
    },
    {
      "text": "பிடி / தாங்கு",
      "note": "",
      "tags": []
    },
    {
      "text": "வை / விடு",
      "note": "",
      "tags": []
    },
    {
      "text": "உள்ளே போ",
      "note": "",
      "tags": []
    },
    {
      "text": "வெளியே போ",
      "note": "",
      "tags": []
    },
    {
      "text": "ஏறு",
      "note": "வாகனம்",
      "tags": []
    },
    {
      "text": "இறங்கு",
      "note": "வாகனம்",
      "tags": []
    },
    {
      "text": "அனுப்பு",
      "note": "",
      "tags": []
    },
    {
      "text": "சமர்ப்பி",
      "note": "சமர்ப்பித்தல்",
      "tags": []
    },
    {
      "text": "நலமா",
      "note": "நலமா",
      "tags": []
    },
    {
      "text": "தொடங்கு",
      "note": "",
      "tags": []
    },
    {
      "text": "முடி",
      "note": "",
      "tags": []
    },
    {
      "text": "ஓய்வு எடு",
      "note": "ஓய்வு",
      "tags": []
    },
    {
      "text": "கேள்",
      "note": "கேள்வி",
      "tags": []
    },
    {
      "text": "பதில் சொல்லு",
      "note": "",
      "tags": []
    },
    {
      "text": "வாக்குறுதி அளி",
      "note": "",
      "tags": []
    },
    {
      "text": "கவலைப்படு",
      "note": "",
      "tags": []
    },
    {
      "text": "நம்பு",
      "note": "",
      "tags": []
    },
    {
      "text": "சந்தேகப்படு",
      "note": "",
      "tags": []
    },
    {
      "text": "ஆசைப்படு / நம்பு",
      "note": "நம்பிக்கை",
      "tags": []
    },
    {
      "text": "கனவு காண்",
      "note": "",
      "tags": []
    },
    {
      "text": "சண்டையிடு",
      "note": "",
      "tags": []
    },
    {
      "text": "வெற்றி பெறு",
      "note": "",
      "tags": []
    },
    {
      "text": "தோற்பு",
      "note": "தோல்வி",
      "tags": []
    },
    {
      "text": "வளர்",
      "note": "வளர்ச்சி",
      "tags": []
    },
    {
      "text": "வாழ்",
      "note": "",
      "tags": []
    },
    {
      "text": "இற",
      "note": "",
      "tags": []
    },
    {
      "text": "எடு",
      "note": "",
      "tags": []
    },
    {
      "text": "தூக்கி எறி",
      "note": "",
      "tags": []
    },
    {
      "text": "ஒளித்து வை",
      "note": "",
      "tags": []
    },
    {
      "text": "தேடு",
      "note": "",
      "tags": []
    },
    {
      "text": "தேர்ந்தெடு",
      "note": "",
      "tags": []
    },
    {
      "text": "மாற்று",
      "note": "",
      "tags": []
    },
    {
      "text": "ஆர்டர் செய்",
      "note": "பொருட்கள் வாங்க",
      "tags": []
    },
    {
      "text": "தயார் செய்",
      "note": "",
      "tags": []
    },
    {
      "text": "பிடி",
      "note": "",
      "tags": []
    },
    {
      "text": "எறி",
      "note": "",
      "tags": []
    },
    {
      "text": "இழு",
      "note": "",
      "tags": []
    },
    {
      "text": "தள்ளு",
      "note": "",
      "tags": []
    },
    {
      "text": "சரி செய்",
      "note": "பழுது பார்த்தல்",
      "tags": []
    },
    {
      "text": "உடை",
      "note": "",
      "tags": []
    },
    {
      "text": "உடல்நலம் இன்றி இரு / வலி",
      "note": "",
      "tags": []
    },
    {
      "text": "சிகிச்சை அளி",
      "note": "",
      "tags": []
    },
    {
      "text": "உடற்பயிற்சி செய்",
      "note": "",
      "tags": []
    },
    {
      "text": "நீந்து",
      "note": "",
      "tags": []
    },
    {
      "text": "பயணம் செய்",
      "note": "",
      "tags": []
    },
    {
      "text": "ஓட்டு",
      "note": "",
      "tags": []
    },
    {
      "text": "சுத்தம் செய்",
      "note": "",
      "tags": []
    },
    {
      "text": "பாத்திரம் கழுவு",
      "note": "",
      "tags": []
    },
    {
      "text": "துணி துவை",
      "note": "",
      "tags": []
    },
    {
      "text": "குளி",
      "note": "",
      "tags": []
    },
    {
      "text": "பல் துலக்கு",
      "note": "",
      "tags": []
    },
    {
      "text": "எழுந்திரு",
      "note": "விழிப்பு",
      "tags": []
    },
    {
      "text": "தூங்க போ",
      "note": "தூக்கம்",
      "tags": []
    },
    {
      "text": "புரிந்துகொள்",
      "note": "",
      "tags": []
    },
    {
      "text": "ஞாபகம் வை",
      "note": "",
      "tags": []
    }
  ]
}