{
  "default_type": "word",
  "subject": "Basissubstantiv 50",
  "pos": "noun",
  "entries": [
    {
      "text": "Person",
      "note": "",
      "tags": []
    },
    {
      "text": "Vann",
      "note": "Drikkevann",
      "tags": []
    },
    {
      "text": "Mat / Ris",
      "note": "Måltid",
      "tags": []
    },
    {
      "text": "Brød",
      "note": "",
      "tags": []
    },
    {
      "text": "Eple",
      "note": "Frukt",
      "tags": []
    },
    {
      "text": "Melk",
      "note": "",
      "tags": []
    },
    {
      "text": "Kjøtt",
      "note": "",
      "tags": []
    },
    {
      "text": "Klær",
      "note": "",
      "tags": []
    },
    {
      "text": "Hus",
      "note": "Bolig",
      "tags": []
    },
    {
      "text": "Rom",
      "note": "",
      "tags": []
    },
    {
      "text": "Vindu",
      "note": "",
      "tags": []
    },
    {
      "text": "Dør",
      "note": "Inngang",
      "tags": []
    },
    {
      "text": "Skrivebord",
      "note": "",
      "tags": []
    },
    {
      "text": "Stol",
      "note": "",
      "tags": []
    },
    {
      "text": "Datamaskin",
      "note": "",
      "tags": []
    },
    {
      "text": "Telefon",
      "note": "",
      "tags": []
    },
    {
      "text": "Bok",
      "note": "Bok",
      "tags": []
    },
    {
      "text": "Blyant",
      "note": "",
      "tags": []
    },
    {
      "text": "Papir",
      "note": "",
      "tags": []
    },
    {
      "text": "Veske",
      "note": "",
      "tags": []
    },
    {
      "text": "Skole",
      "note": "",
      "tags": []
    },
    {
      "text": "Firma",
      "note": "",
      "tags": []
    },
    {
      "text": "Sykehus",
      "note": "",
      "tags": []
    },
    {
      "text": "Apotek",
      "note": "",
      "tags": []
    },
    {
      "text": "Restaurant",
      "note": "",
      "tags": []
    },
    {
      "text": "Marked",
      "note": "Marked",
      "tags": []
    },
    {
      "text": "T-bane",
      "note": "",
      "tags": []
    },
    {
      "text": "Buss",
      "note": "",
      "tags": []
    },
    {
      "text": "Taxi",
      "note": "",
      "tags": []
    },
    {
      "text": "Fly",
      "note": "",
      "tags": []
    },
    {
      "text": "Tog",
      "note": "",
      "tags": []
    },
    {
      "text": "Sykkel",
      "note": "",
      "tags": []
    },
    {
      "text": "Vei",
      "note": "Vei",
      "tags": []
    },
    {
      "text": "Fjell",
      "note": "",
      "tags": []
    },
    {
      "text": "Hav",
      "note": "",
      "tags": []
    },
    {
      "text": "Elv",
      "note": "",
      "tags": []
    },
    {
      "text": "Himmel",
      "note": "",
      "tags": []
    },
    {
      "text": "Sol / År",
      "note": "Sol / År",
      "tags": []
    },
    {
      "text": "Måne",
      "note": "Satellitt",
      "tags": []
    },
    {
      "text": "Stjerne",
      "note": "Himmellegeme",
      "tags": []
    },
    {
      "text": "Tre",
      "note": "",
      "tags": []
    },
    {
      "text": "Blomst",
      "note": "",
      "tags": []
    },
    {
      "text": "Valp",
      "note": "",
      "tags": []
    },
    {
      "text": "Katt",
      "note": "",
      "tags": []
    },
    {
      "text": "Penger",
      "note": "Kontanter",
      "tags": []
    },
    {
      "text": "Tid",
      "note": "",
      "tags": []
    },
    {
      "text": "I dag",
      "note": "",
      "tags": []
    },
    {
      "text": "I morgen",
      "note": "",
      "tags": []
    },
    {
      "text": "I går",
      "note": "",
      "tags": []
    },
    {
      "text": "Venn",
      "note": "",
      "tags": []
    }
  ]
}