{
  "default_type": "sentence",
  "subject": "កន្សោមពាក្យគោល និងប្រយោគប្រចាំថ្ងៃ ៥០",
  "entries": [
    {
      "text": "ជំរាបសួរ / សួស្តី។",
      "note": "ការសួរសួស្តីដោយគួរសម",
      "form_type": "",
      "style": "",
      "tags": []
    },
    {
      "text": "រីករាយដែលបានជួបអ្នក។",
      "note": "ការជួបគ្នាលើកដំបូង",
      "form_type": "",
      "style": "",
      "tags": []
    },
    {
      "text": "ខានជួបគ្នាយូរហើយ។",
      "note": "ការជួបគ្នាម្ដងទៀត",
      "form_type": "",
      "style": "",
      "tags": []
    },
    {
      "text": "សូមអរគុណច្រើន។",
      "note": "ផ្លូវការ",
      "form_type": "",
      "style": "",
      "tags": []
    },
    {
      "text": "សូមទោស។",
      "note": "ផ្លូវការ",
      "form_type": "",
      "style": "",
      "tags": []
    },
    {
      "text": "អធ្យាស្រ័យ / សូមទោស។",
      "note": "ការហៅឱ្យចាប់អារម្មណ៍",
      "form_type": "",
      "style": "",
      "tags": []
    },
    {
      "text": "សុខសប្បាយជាទេ?",
      "note": "ការសួរសុខទុក្ខ",
      "form_type": "",
      "style": "",
      "tags": []
    },
    {
      "text": "សុខសប្បាយទេ អរគុណ។",
      "note": "",
      "form_type": "",
      "style": "",
      "tags": []
    },
    {
      "text": "តើអ្នកឈ្មោះអ្វី?",
      "note": "",
      "form_type": "",
      "style": "",
      "tags": []
    },
    {
      "text": "ខ្ញុំឈ្មោះ ...",
      "note": "",
      "form_type": "",
      "style": "",
      "tags": []
    },
    {
      "text": "តើអ្នកមកពីណា?",
      "note": "",
      "form_type": "",
      "style": "",
      "tags": []
    },
    {
      "text": "ខ្ញុំមកពីអាមេរិក។",
      "note": "",
      "form_type": "",
      "style": "",
      "tags": []
    },
    {
      "text": "ជំរាបលា។",
      "note": "សម្រាប់អ្នកចាកចេញ",
      "form_type": "",
      "style": "",
      "tags": []
    },
    {
      "text": "នៅឱ្យសុខសប្បាយ / ជំរាបលា។",
      "note": "សម្រាប់អ្នកនៅទីនេះ",
      "form_type": "",
      "style": "",
      "tags": []
    },
    {
      "text": "បាទ / ចាស។",
      "note": "យល់ស្រប",
      "form_type": "",
      "style": "",
      "tags": []
    },
    {
      "text": "ទេ / អត់ទេ។",
      "note": "បដិសេធ",
      "form_type": "",
      "style": "",
      "tags": []
    },
    {
      "text": "ប្រហែលជា។",
      "note": "ការស្មាន",
      "form_type": "",
      "style": "",
      "tags": []
    },
    {
      "text": "ខ្ញុំយល់ហើយ។",
      "note": "",
      "form_type": "",
      "style": "",
      "tags": []
    },
    {
      "text": "ខ្ញុំមិនដឹងទេ។",
      "note": "",
      "form_type": "",
      "style": "",
      "tags": []
    },
    {
      "text": "សូមជួយខ្ញុំផង។",
      "note": "",
      "form_type": "",
      "style": "",
      "tags": []
    },
    {
      "text": "សូមរង់ចាំមួយភ្លែត។",
      "note": "",
      "form_type": "",
      "style": "",
      "tags": []
    },
    {
      "text": "តើនេះតម្លៃប៉ុន្មាន?",
      "note": "ការទិញអីវ៉ាន់",
      "form_type": "",
      "style": "",
      "tags": []
    },
    {
      "text": "តើបង្គន់នៅឯណា?",
      "note": "",
      "form_type": "",
      "style": "",
      "tags": []
    },
    {
      "text": "ខ្ញុំឃ្លានបាយណាស់។",
      "note": "",
      "form_type": "",
      "style": "",
      "tags": []
    },
    {
      "text": "ខ្ញុំស្រេកទឹកណាស់។",
      "note": "",
      "form_type": "",
      "style": "",
      "tags": []
    },
    {
      "text": "នេះឆ្ងាញ់ណាស់។",
      "note": "",
      "form_type": "",
      "style": "",
      "tags": []
    },
    {
      "text": "ខ្ញុំចូលចិត្តនេះ។",
      "note": "",
      "form_type": "",
      "style": "",
      "tags": []
    },
    {
      "text": "មិនអីទេ / ព្រម។",
      "note": "",
      "form_type": "",
      "style": "",
      "tags": []
    },
    {
      "text": "សូមឱ្យសំណាងល្អ។",
      "note": "",
      "form_type": "",
      "style": "",
      "tags": []
    },
    {
      "text": "តើឥឡូវម៉ោងប៉ុន្មានហើយ?",
      "note": "",
      "form_type": "",
      "style": "",
      "tags": []
    },
    {
      "text": "ថ្ងៃនេះអាកាសធាតុល្អណាស់។",
      "note": "",
      "form_type": "",
      "style": "",
      "tags": []
    },
    {
      "text": "រងាណាស់។",
      "note": "",
      "form_type": "",
      "style": "",
      "tags": []
    },
    {
      "text": "ក្ដៅណាស់។",
      "note": "",
      "form_type": "",
      "style": "",
      "tags": []
    },
    {
      "text": "ខ្ញុំហត់ណាស់។",
      "note": "",
      "form_type": "",
      "style": "",
      "tags": []
    },
    {
      "text": "ខ្ញុំសប្បាយចិត្តណាស់។",
      "note": "",
      "form_type": "",
      "style": "",
      "tags": []
    },
    {
      "text": "អបអរសាទរ។",
      "note": "",
      "form_type": "",
      "style": "",
      "tags": []
    },
    {
      "text": "រីករាយថ្ងៃកំណើត។",
      "note": "",
      "form_type": "",
      "style": "",
      "tags": []
    },
    {
      "text": "សូមឱ្យមានថ្ងៃដ៏ល្អមួយ។",
      "note": "",
      "form_type": "",
      "style": "",
      "tags": []
    },
    {
      "text": "ជួបគ្នាថ្ងៃស្អែក។",
      "note": "",
      "form_type": "",
      "style": "",
      "tags": []
    },
    {
      "text": "ថែរក្សាសុខភាពផង។",
      "note": "",
      "form_type": "",
      "style": "",
      "tags": []
    },
    {
      "text": "តើអ្នកចេះនិយាយភាសាអង់គ្លេសទេ?",
      "note": "",
      "form_type": "",
      "style": "",
      "tags": []
    },
    {
      "text": "ខ្ញុំចេះភាសាកូរ៉េតែបន្តិចបន្តួចប៉ុណ្ណោះ។",
      "note": "",
      "form_type": "",
      "style": "",
      "tags": []
    },
    {
      "text": "សូមនិយាយឱ្យយឺតៗ។",
      "note": "",
      "form_type": "",
      "style": "",
      "tags": []
    },
    {
      "text": "តើនេះមានន័យដូចម្តេច?",
      "note": "",
      "form_type": "",
      "style": "",
      "tags": []
    },
    {
      "text": "តើនេះជាភាសាកូរ៉េហៅថាអ្វី?",
      "note": "",
      "form_type": "",
      "style": "",
      "tags": []
    },
    {
      "text": "ខ្ញុំស្រឡាញ់អ្នក។",
      "note": "",
      "form_type": "",
      "style": "",
      "tags": []
    },
    {
      "text": "សូមរង់ចាំ។",
      "note": "",
      "form_type": "",
      "style": "",
      "tags": []
    },
    {
      "text": "មិនអីទេ / ស្វាគមន៍។",
      "note": "",
      "form_type": "",
      "style": "",
      "tags": []
    },
    {
      "text": "ទេ អរគុណ។",
      "note": "",
      "form_type": "",
      "style": "",
      "tags": []
    },
    {
      "text": "ខ្ញុំមានសំណួរមួយ។",
      "note": "",
      "form_type": "",
      "style": "",
      "tags": []
    }
  ]
}