{
  "default_type": "word",
  "subject": "Основни Глаголи 100",
  "pos": "verb",
  "entries": [
    {
      "text": "Да оди",
      "note": "",
      "tags": []
    },
    {
      "text": "Да дојде",
      "note": "",
      "tags": []
    },
    {
      "text": "Да јаде",
      "note": "",
      "tags": []
    },
    {
      "text": "Да пие",
      "note": "",
      "tags": []
    },
    {
      "text": "Да спие",
      "note": "",
      "tags": []
    },
    {
      "text": "Да види",
      "note": "",
      "tags": []
    },
    {
      "text": "Да купи",
      "note": "",
      "tags": []
    },
    {
      "text": "Да продаде",
      "note": "",
      "tags": []
    },
    {
      "text": "Да чита",
      "note": "",
      "tags": []
    },
    {
      "text": "Да пишува",
      "note": "Writing",
      "tags": []
    },
    {
      "text": "Да слуша",
      "note": "",
      "tags": []
    },
    {
      "text": "Да зборува",
      "note": "",
      "tags": []
    },
    {
      "text": "Да прави",
      "note": "",
      "tags": []
    },
    {
      "text": "Да работи",
      "note": "",
      "tags": []
    },
    {
      "text": "Да учи",
      "note": "",
      "tags": []
    },
    {
      "text": "Да предава",
      "note": "",
      "tags": []
    },
    {
      "text": "Да научи",
      "note": "",
      "tags": []
    },
    {
      "text": "Да чека",
      "note": "",
      "tags": []
    },
    {
      "text": "Да се сретне",
      "note": "",
      "tags": []
    },
    {
      "text": "Да сака",
      "note": "",
      "tags": []
    },
    {
      "text": "Да му се допаѓа",
      "note": "",
      "tags": []
    },
    {
      "text": "Да не му се допаѓа",
      "note": "",
      "tags": []
    },
    {
      "text": "Да се смее",
      "note": "",
      "tags": []
    },
    {
      "text": "Да плаче",
      "note": "",
      "tags": []
    },
    {
      "text": "Да оди",
      "note": "",
      "tags": []
    },
    {
      "text": "Да трча",
      "note": "Running",
      "tags": []
    },
    {
      "text": "Да седи",
      "note": "",
      "tags": []
    },
    {
      "text": "Да стои",
      "note": "",
      "tags": []
    },
    {
      "text": "Да даде",
      "note": "",
      "tags": []
    },
    {
      "text": "Да прими",
      "note": "",
      "tags": []
    },
    {
      "text": "Да отвори",
      "note": "",
      "tags": []
    },
    {
      "text": "Да затвори",
      "note": "",
      "tags": []
    },
    {
      "text": "Да мисли",
      "note": "",
      "tags": []
    },
    {
      "text": "Да знае",
      "note": "",
      "tags": []
    },
    {
      "text": "Да не знае",
      "note": "",
      "tags": []
    },
    {
      "text": "Да најде",
      "note": "",
      "tags": []
    },
    {
      "text": "Да изгуби",
      "note": "",
      "tags": []
    },
    {
      "text": "Да помогне",
      "note": "",
      "tags": []
    },
    {
      "text": "Да мие",
      "note": "",
      "tags": []
    },
    {
      "text": "Да готви",
      "note": "",
      "tags": []
    },
    {
      "text": "Да пее",
      "note": "",
      "tags": []
    },
    {
      "text": "Да игра",
      "note": "",
      "tags": []
    },
    {
      "text": "Да користи",
      "note": "",
      "tags": []
    },
    {
      "text": "Да направи",
      "note": "",
      "tags": []
    },
    {
      "text": "Да се јави",
      "note": "Song / Name",
      "tags": []
    },
    {
      "text": "Да фати / држи",
      "note": "",
      "tags": []
    },
    {
      "text": "Да стави / остави",
      "note": "",
      "tags": []
    },
    {
      "text": "Да влезе",
      "note": "",
      "tags": []
    },
    {
      "text": "Да излезе",
      "note": "",
      "tags": []
    },
    {
      "text": "Да се качи",
      "note": "Boarding",
      "tags": []
    },
    {
      "text": "Да се симне",
      "note": "Alighting",
      "tags": []
    },
    {
      "text": "Да испрати",
      "note": "",
      "tags": []
    },
    {
      "text": "Да поднесе",
      "note": "Submission",
      "tags": []
    },
    {
      "text": "Да се сложува",
      "note": "Greetings",
      "tags": []
    },
    {
      "text": "Да започне",
      "note": "",
      "tags": []
    },
    {
      "text": "Да заврши",
      "note": "",
      "tags": []
    },
    {
      "text": "Да се одмори",
      "note": "Relax",
      "tags": []
    },
    {
      "text": "Да праша",
      "note": "Question",
      "tags": []
    },
    {
      "text": "Да одговори",
      "note": "",
      "tags": []
    },
    {
      "text": "Да вети",
      "note": "",
      "tags": []
    },
    {
      "text": "Да се грижи",
      "note": "",
      "tags": []
    },
    {
      "text": "Да верува",
      "note": "",
      "tags": []
    },
    {
      "text": "Да се сомнева",
      "note": "",
      "tags": []
    },
    {
      "text": "Да посакува / се надева",
      "note": "Hope",
      "tags": []
    },
    {
      "text": "Да сонува",
      "note": "",
      "tags": []
    },
    {
      "text": "Да се бори",
      "note": "",
      "tags": []
    },
    {
      "text": "Да победи",
      "note": "",
      "tags": []
    },
    {
      "text": "Да изгуби",
      "note": "Defeat",
      "tags": []
    },
    {
      "text": "Да расте",
      "note": "Growth",
      "tags": []
    },
    {
      "text": "Да живее",
      "note": "",
      "tags": []
    },
    {
      "text": "Да умре",
      "note": "",
      "tags": []
    },
    {
      "text": "Да подигне",
      "note": "",
      "tags": []
    },
    {
      "text": "Да фрли",
      "note": "",
      "tags": []
    },
    {
      "text": "Да скрие",
      "note": "",
      "tags": []
    },
    {
      "text": "Да бара",
      "note": "",
      "tags": []
    },
    {
      "text": "Да избере",
      "note": "",
      "tags": []
    },
    {
      "text": "Да смени",
      "note": "",
      "tags": []
    },
    {
      "text": "Да нарача",
      "note": "Buying items",
      "tags": []
    },
    {
      "text": "Да подготви",
      "note": "",
      "tags": []
    },
    {
      "text": "Да фати",
      "note": "",
      "tags": []
    },
    {
      "text": "Да фрли",
      "note": "",
      "tags": []
    },
    {
      "text": "Да повлече",
      "note": "",
      "tags": []
    },
    {
      "text": "Да турка",
      "note": "",
      "tags": []
    },
    {
      "text": "Да поправи",
      "note": "Repair",
      "tags": []
    },
    {
      "text": "Да скрши",
      "note": "",
      "tags": []
    },
    {
      "text": "Да биде болен / повреден",
      "note": "",
      "tags": []
    },
    {
      "text": "Да лекува",
      "note": "",
      "tags": []
    },
    {
      "text": "Да вежба",
      "note": "",
      "tags": []
    },
    {
      "text": "Да плива",
      "note": "",
      "tags": []
    },
    {
      "text": "Да патува",
      "note": "",
      "tags": []
    },
    {
      "text": "Да вози",
      "note": "",
      "tags": []
    },
    {
      "text": "Да чисти",
      "note": "",
      "tags": []
    },
    {
      "text": "Да мие садови",
      "note": "",
      "tags": []
    },
    {
      "text": "Да пере алишта",
      "note": "",
      "tags": []
    },
    {
      "text": "Да се тушира",
      "note": "",
      "tags": []
    },
    {
      "text": "Да мие заби",
      "note": "",
      "tags": []
    },
    {
      "text": "Да се разбуди",
      "note": "Wake up",
      "tags": []
    },
    {
      "text": "Да оди во кревет",
      "note": "Sleeping",
      "tags": []
    },
    {
      "text": "Да разбере",
      "note": "",
      "tags": []
    },
    {
      "text": "Да запомни",
      "note": "",
      "tags": []
    }
  ]
}